Unique ID,Primary Handle,All Aliases,AKA,Real Name,Pronounciation,Date of Birth,Country,Twitch,Tiktok,Twitter,Photo URL,,,,,,,,
SSA-P-10001,2Die4,"Razzle Dazzle,Raz,2Die4, razzle dazzle,razzle dazzle, 2Die4,smoothoperator, 2Die4","Razzle Dazzle,smoothoperator",David Morganrood,,03/06/2005,South Africa,https://www.twitch.tv/2die4xd,,,https://liquipedia.net/commons/images/f/fc/FIFAe_World_Cup_2Die4.jpg,,,DaltonZzZ.,EXISTS,APAC,,,
SSA-P-10002,Arceon,"arceon.,arceon,arceon. ���,arceon. ☆,arceon. ✰,arceonxnz, arceon, arceon. ���, arceon. ���",,Umer Majiet,,20/10/2004,South Africa,,,,https://rlesport.gg/downloads/player_pics/arceon.jpg,,,JeromeMoment,EXISTS,APAC,MENA-P-10001,MENA-P-10001,
SSA-P-10003,Auriginal,,,Aurian Van Der Meer,,02/06/1995,South Africa,,,,https://rlesport.gg/downloads/player_pics/default_nologo.png,,,Waarheid.,EXISTS,APAC,OCE-P-10001,OCE-P-10001,
SSA-P-10004,BigFoot,"BigFootBoss26,BigFoot-26,BigFoot���,Yeti 26,BigFootッ","Yeti 26,BigFoot26",Koot Van Der Merwe,,26/04/2004,South Africa,https://www.twitch.tv/bigfootboss_26,,,https://rlesport.gg/downloads/player_pics/default_nologo.png,,,S��lly.,EXISTS,APAC,EU-P-10001,EU-P-10001,
SSA-P-10005,BiscuitGalaxy,,,Byron Riemer,,,South Africa,,,,https://rlesport.gg/downloads/player_pics/default_nologo.png,,,Yab ��,EXISTS,APAC,,,
SSA-P-10006,Blade,,,Ian Conradie,,25/06/2004,South Africa,https://www.twitch.tv/BladeSA,,,https://rlesport.gg/downloads/player_pics/blade.jpg,,,kayvee,EXISTS,APAC,,,
SSA-P-10007,Bonzer,,,,,,South Africa,,,,https://rlesport.gg/downloads/player_pics/default_nologo.png,,,Lorax,EXISTS,EU,,,
SSA-P-10008,Bread,,,Scott Jeffery,,,South Africa,https://www.twitch.tv/breadybread,,,https://rlesport.gg/downloads/player_pics/bread.jpg,,,mass,EXISTS,EU,,,
SSA-P-10009,Chace,,,Chace Green,,21/08/1998,South Africa,https://www.twitch.tv/chacerl,,,https://rlesport.gg/downloads/player_pics/chace.jpg,,,olam06,EXISTS,MENA,,,
SSA-P-10010,ChristianW,,,Christian Wentzel,,,South Africa,,,,https://rlesport.gg/downloads/player_pics/default_nologo.png,,,Wee_Casper,EXISTS,MENA,,,
SSA-P-10011,Crisp,"Crsp.,Crsp,CR!SP",,Christopher Erasmus,,,South Africa,,,,https://rlesport.gg/downloads/player_pics/default_nologo.png,,,gunz,EXISTS,MENA,,,
SSA-P-10012,Creativix4,,,,,,South Africa,,,,https://rlesport.gg/downloads/player_pics/default_nologo.png,,,Snowyy,EXISTS,NA,,,
SSA-P-10013,D3Funct,D3Funct.,,Ruben Luiz,,06/08/2002,South Africa,,,,https://rlesport.gg/downloads/player_pics/d3funct.jpg,,,S��lly.,EXISTS,NA,,,
SSA-P-10014,,,,,,,,,,,,,,Stake,EXISTS,,,,
SSA-P-10015,Darth,"Darth,Darth., cherry",Cherry,Ethan Deysel,,27/12/2002,South Africa,,,,https://rlesport.gg/downloads/player_pics/Darth.jpg,,,Sweaty,EXISTS,NA,,,
SSA-P-10016,dece1ver,,,,,,South Africa,,,,https://rlesport.gg/downloads/player_pics/default_nologo.png,,,devour (6ft),EXISTS,NA,,,
SSA-P-10017,Echo,"echo.,,echo >:3,echo.exe,echo!,echo.",,Thomas Wileman,,12/08/2003,South Africa,,,,https://rlesport.gg/downloads/player_pics/default_nologo.png,,,eglerll,EXISTS,NA,,,
SSA-P-10018,Elf,,,Rick Thomas,,08/02/1992,South Africa,,,,https://rlesport.gg/downloads/player_pics/default_nologo.png,,,halouest,EXISTS,NA,,,
SSA-P-10019,EliakimZA,"EliakimZA,Eliakim,Eli, EliakimZA",,Eliakim Foster,,14/04/2003,South Africa,https://www.twitch.tv/EliakimZA,,,https://liquipedia.net/commons/images/f/f9/EliakimZA.jpeg,,,insp1re,EXISTS,NA,,,
SSA-P-10020,AlbyTheDragon_,,,,,,South Africa,,,,https://rlesport.gg/downloads/player_pics/default_nologo.png,,,SkillSteal,EXISTS,NA,,,
SSA-P-10021,fearlesscarrot,,,Timothy Wolf,,16/05/2000,South Africa,,,,https://rlesport.gg/downloads/player_pics/default_nologo.png,,,Wiiilooo,EXISTS,NA,,,
SSA-P-10022,friction,"friction.,friction,Friction",,Alex Van Der Merwe,,27/09/2005,South Africa,,,,https://rlesport.gg/downloads/player_pics/friction.jpg,,,JeromeMoment,EXISTS,OCE,,,
SSA-P-10023,grape,,,Alex Daneels,,14/01/2002,South Africa,,,,https://rlesport.gg/downloads/player_pics/default_nologo.png,,,Peanuts���,EXISTS,OCE,,,
SSA-P-10024,h4mburger,,,Herman de Beer,,06/01/2000,South Africa,https://www.twitch.tv/h4mburger,,,https://rlesport.gg/downloads/player_pics/H4mburger.jpg,,,Waarheid.,EXISTS,OCE,,,
SSA-P-10025,Happymeal,,,David du Plessis,,13/10/1999,South Africa,,,,https://rlesport.gg/downloads/player_pics/happymeal.jpg,,,Appelsous,EXISTS,OCE,,,
SSA-P-10026,Jerome in da bath,Meliodas,,,,27/05/2002,South Africa,,,,https://rlesport.gg/downloads/player_pics/default_nologo.png,,,kayvee,EXISTS,OCE,,,
SSA-P-10027,josho,josho.,,Josh Metcalf,,13/09/2005,South Africa,https://www.twitch.tv/joshorl,,,https://rlesport.gg/downloads/player_pics/default_nologo.png,,,Lorax,EXISTS,OCE,,,
SSA-P-10028,JTW,,,Jordyn Wareing,,,South Africa,,,,https://rlesport.gg/downloads/player_pics/default_nologo.png,,,mass,EXISTS,OCE,,,
SSA-P-10029,JustSpecs,Specs,Specs,Jason Rabe,,,South Africa,https://www.twitch.tv/truespecs,,,https://rlesport.gg/downloads/player_pics/default_nologo.png,,,olam06,EXISTS,OCE,,,
SSA-P-10030,JWх,JW��,,Josh Watson,,,South Africa,,,,https://rlesport.gg/downloads/player_pics/default_nologo.png,,,Wee_Casper,EXISTS,OCE,,,
SSA-P-10031,Kam,"kamz,daisy,daisy.,daisyy,kam,kam.",Daisy,Kamran Naidoo,,01/11/2004,South Africa,,,,https://rlesport.gg/downloads/player_pics/kam.jpg,,,gunz,EXISTS,SAM,,,
SSA-P-10032,Kenobiwan10x_x,,,,,,South Africa,,,,https://rlesport.gg/downloads/player_pics/default_nologo.png,,,Snowyy,EXISTS,SAM,,,
SSA-P-10033,KneeKnow,,,,,,South Africa,,,,https://rlesport.gg/downloads/player_pics/default_nologo.png,,,S��lly.,EXISTS,SAM,,,
SSA-P-10034,Lackstar,"lackstar.,lacks���ar.,lacks†ar.",,Joel Amos,,29/01/2003,South Africa,,,,https://rlesport.gg/downloads/player_pics/lackstar.jpg,,,tehqoz,EXISTS,SAM,,,"Formula to check for exisitng: =IF(ISBLANK(F2), """", IF(OR(COUNTIF(B:B, F2) > 0, COUNTIF(C:C, ""*""&F2&""*"") > 0), ""EXISTS"", ""NEW PLAYER""))"
SSA-P-10035,li0n,"li0n,li0n_za",,Leon Havenga,,,South Africa,,,,https://rlesport.gg/downloads/player_pics/default_nologo.png,,,tykop,EXISTS,SAM,,,
SSA-P-10036,LmNs.,,,,,,South Africa,,,,https://rlesport.gg/downloads/player_pics/default_nologo.png,,,Yab ��,EXISTS,SAM,,,
SSA-P-10037,Lucid.,,,Shawn Engelbrecht,,,South Africa,,,,https://rlesport.gg/downloads/player_pics/default_nologo.png,,,Dapz,EXISTS,SAM,,,
SSA-P-10038,Maelstrom9508,,,Keorapetse Theo,,21/10/2004,South Africa,,,,https://rlesport.gg/downloads/player_pics/default_nologo.png,,,Dcln.,EXISTS,SAM,,,
SSA-P-10039,Mr.Low,"low,Mr.Low,Lowkaku,Mr.Low",Lowkaku,Lorenzo Fransman,,12/11/1999,South Africa,,,,https://rlesport.gg/downloads/player_pics/mrlow.jpg,,,mshnn.,EXISTS,SAM,,,
SSA-P-10040,MrWacky,,,,,,South Africa,,,,https://rlesport.gg/downloads/player_pics/default_nologo.png,,,TORRES8232,EXISTS,,,,
SSA-P-10041,NeroxK92,,,,,,South Africa,,,,https://rlesport.gg/downloads/player_pics/default_nologo.png,,,Werty,EXISTS,,,,
SSA-P-10042,Olympic,"olympicracer,olympic.",Olympicracer,Oliver Gaenssler,,08/05/2003,South Africa,https://www.twitch.tv/itsner0x,,,https://rlesport.gg/downloads/player_pics/olympic.jpg,,,Zany,EXISTS,,,,
SSA-P-10043,PoRRa07,,,,,,South Africa,,,,https://rlesport.gg/downloads/player_pics/default_nologo.png,,,carca,EXISTS,,,,
SSA-P-10044,PwnFlakes,,,Dwayne Van Der Merwe,,,South Africa,,,,https://rlesport.gg/downloads/player_pics/default_nologo.png,,,kam,EXISTS,,,,
SSA-P-10045,Ram,"Paarthurnax.,Ram RanchYT",Paarthurnax,Nicodemos Christodoulou,,dd/mm/2003,South Africa,,,,https://rlesport.gg/downloads/player_pics/ram.jpg,,,N1TR��.,EXISTS,,,,
SSA-P-10046,RisenEclipse,Risen,Risen,Ruan van Wyk,,,South Africa,,,,https://rlesport.gg/downloads/player_pics/default_nologo.png,,,,,,,,
SSA-P-10047,Rocky,,,Gareth Stones,,20/12/2004,South Africa,,,,https://rlesport.gg/downloads/player_pics/default_nologo.png,,,,,,,,
SSA-P-10048,Rowen,,,Rowen Conradie,,,South Africa,,,,https://rlesport.gg/downloads/player_pics/rowen.jpg,,,,,,,,
SSA-P-10049,SchalkG,,,Schalk Geldenhuys,,04/01/2005,South Africa,,,,https://rlesport.gg/downloads/player_pics/SchalkG.jpg,,,,,,,,
SSA-P-10050,Septer,,,Jordan Thomson,,01/07/2002,South Africa,,,,https://rlesport.gg/downloads/player_pics/default_nologo.png,,,,,,,,
SSA-P-10051,shotzyy,,,Hamza Ebrahim,,24/04/2002,South Africa,,,,https://rlesport.gg/downloads/player_pics/default_nologo.png,,,,,,,,
SSA-P-10052,Sickii,,,,,,South Africa,,,,https://rlesport.gg/downloads/player_pics/default_nologo.png,,,,,,,,
SSA-P-10053,SkillSteal,,,Niel-Robert Burger,,14/11/1996,South Africa,https://www.twitch.tv/skillsteal_rl,,,https://liquipedia.net/commons/images/3/32/Orlando_Pirates_Exdee_-_SkillSteal.jpg,,,,,,,,
SSA-P-10054,Snowyy,"Snowadore,Cherry,Snowadore, Snowyy","Snowadore,Cherry",Gareth Spiers,,12/07/2000,South Africa,https://www.twitch.tv/snowadore,,,https://rlesport.gg/downloads/player_pics/snowyy.jpg,,,,,,,,
SSA-P-10055,Strutic,baz,,Aidan Molnar,,23/05/2006,South Africa,,,,https://rlesport.gg/downloads/player_pics/strutic.jpg,,,,,,,,
SSA-P-10056,Sweaty,"Sweaty_Clarence,Sweaty.,Sweaty_,Gavin, Sweaty",Sweaty_Clarence,Joshua Kleynhans,,07/08/2005,South Africa,,,,https://rlesport.gg/downloads/player_pics/Sweaty.jpg,,,,,,,,
SSA-P-10057,TechnicEagle75,T3chnic.,T3chnic.,Raynard van Loggerenberg,,,South Africa,,,,https://rlesport.gg/downloads/player_pics/technic.jpg,,,,,,,,
SSA-P-10058,TheKeychain22,,,,,,South Africa,,,,https://rlesport.gg/downloads/player_pics/default_nologo.png,,,,,,,,
SSA-P-10059,TimmyJS,,,Timothy Santos,,11/10/1997,South Africa,,,,https://rlesport.gg/downloads/player_pics/default_nologo.png,,,,,,,,
SSA-P-10060,Wee_Casper,Wee_Casper.exe,,Logan Mac Intosh,,03/06/2003,South Africa,https://www.twitch.tv/wee_casper,,,https://liquipedia.net/commons/images/6/6e/Wee_Casper_VS_Gaming_2025.jpg,,,,,,,,
SSA-P-10061,Werty ^^,Werty,,Umar Rasool,,20/10/2002,South Africa,,,,https://rlesport.gg/downloads/player_pics/Werty.jpg,,,,,,,,
SSA-P-10062,xBlueDragon,,,,,,Reunion,,,,https://rlesport.gg/downloads/player_pics/default_nologo.png,,,,,,,,
SSA-P-10063,Haiko,,,,,,France,,,,https://rlesport.gg/downloads/player_pics/default_nologo.png,,,,,,,,
SSA-P-10064,YoPeGo!,"YoPeGo..,YoPeGo.exe,YoPeGo,YoPeGo!,YoPeGo?,YoPeGo!,YoPeGo.,YoPeGo",,Joshua van der Merwe,,27/05/1999,South Africa,https://www.twitch.tv/YoPeGo,,,https://rlesport.gg/downloads/player_pics/yopego.jpg,,,,,,,,
SSA-P-10065,Yujn.,,,Lawrence Haigh,,15/02/1994,South Africa,https://www.twitch.tv/yujn_,,,https://rlesport.gg/downloads/player_pics/default_nologo.png,,,,,,,,
SSA-P-10066,Zero,,,Kyle Albertyn,,,South Africa,,,,https://rlesport.gg/downloads/player_pics/default_nologo.png,,,,,,,,
SSA-P-10067,5bs,"5bs.,5bs., 5bs",,Bjorn Smulders,,12/11/2004,South Africa,,,,https://rlesport.gg/downloads/player_pics/default_nologo.png,,,,,,,,
SSA-P-10068,boy974s,,,Hassan Techer,,25/11/2001,Reunion,,,,https://rlesport.gg/downloads/player_pics/default_nologo.png,,,,,,,,
SSA-P-10069,Wiiilooo,Wiiloo,,Enzo Tremblay,,01/08/2005,Reunion,https://www.twitch.tv/wiiilooorl,,,https://rlesport.gg/downloads/player_pics/wiiilooo.jpg,,,,,,,,
SSA-P-10070,ckeno,"ckeno(?),ckeno,ckeno.",,,,14/10/2005,United States,,,,https://rlesport.gg/downloads/player_pics/default_nologo.png,,,,,,,,
SSA-P-10071,amogus,"Wmogus,amogus.sugoma,amogus 6.9,amogusrl,sugoma, amogus, amugis.,amogus lean user",,,,,South Africa,https://www.twitch.tv/AmogusWithNoBrim,,,https://rlesport.gg/downloads/player_pics/default_nologo.png,,,,,,,,
SSA-P-10072,Trstn,"trstxnz,Trstn_szn.,autumnar trstn.,itstrstn.,Tristiano Swartznaldo","autumnar trstn,Tristiano",Tristan Swartz,,12/05/2006,South Africa,,,,https://rlesport.gg/downloads/player_pics/trstn.jpg,,,,,,,,
SSA-P-10073,KingRichard 2004,,,Richard Hein,,03/01/2004,South Africa,,,,https://rlesport.gg/downloads/player_pics/default_nologo.png,,,,,,,,
SSA-P-10074,Zeph,"Zeph .,Zeph.",,Chris de Beer,,15/08/2006,South Africa,,,,https://rlesport.gg/downloads/player_pics/default_nologo.png,,,,,,,,
SSA-P-10075,Karma,Karma.,,Ludovic Dijoux,,,Reunion,,,,https://rlesport.gg/downloads/player_pics/default_nologo.png,,,,,,,,
SSA-P-10076,Dapz,"Dapz,AE Dapz,Dapz���,Dapz,Dapz., Dapz.,Dapz,ll Adapz ll,Dapz (broken controller),Dapz,., Dapz",Adapz,Tertius Crafford,,28/07/2003,South Africa,https://www.twitch.tv/DapzRL,,,https://rlesport.gg/downloads/player_pics/dapz.png,,,,,,,,
SSA-P-10077,Serenity,"SerenityEZ,icp Serenity",,,,,South Africa,,,,https://rlesport.gg/downloads/player_pics/serenity.jpg,,,,,,,,
SSA-P-10078,ballim,"vvsBallim,ballim.✰,777ballim, Ballim",,,,,South Africa,,,,https://rlesport.gg/downloads/player_pics/default_nologo.png,,,,,,,,
SSA-P-10079,Casesleet,Casesleet DS,,,,,South Africa,,,,https://rlesport.gg/downloads/player_pics/default_nologo.png,,,,,,,,
SSA-P-10080,Clarry.,,,,,,South Africa,,,,https://rlesport.gg/downloads/player_pics/default_nologo.png,,,,,,,,
SSA-P-10081,Galaxyyyy,"Galaxy,CLK,BlizzardZA,galaxy ���","CLK,BlizzardZA",Adrian Rautenbach,,18/09/2006,South Africa,https://www.twitch.tv/galaxyyyrl,,,https://rlesport.gg/downloads/player_pics/galaxyy.png,,,,,,,,
SSA-P-10082,SYRllX,"SYRllX_,SYRiiX.",,Benjamin Roger,,09/11/2000,Reunion,,,,https://rlesport.gg/downloads/player_pics/default_nologo.png,,,,,,,,
SSA-P-10083,Potato,"Potatowithagun,PotatoWithaGun",PotatoWithaGun,Milan Kruger,,09/01/2004,South Africa,https://www.twitch.tv/potatowithagun1,,,https://rlesport.gg/downloads/player_pics/potato.jpg,,,,,,,,
SSA-P-10084,pnda,pnda.,,Lenny Techer,,30/12/2004,Reunion,,,,https://rlesport.gg/downloads/player_pics/default_nologo.png,,,,,,,,
SSA-P-10085,Dillawave,"Dillawave���������,Dillawave.",,Adrien Dijoux,,31/12/2003,Reunion,,,,https://rlesport.gg/downloads/player_pics/default_nologo.png,,,,,,,,
SSA-P-10086,A8CH,,,,,,South Africa,,,,https://rlesport.gg/downloads/player_pics/default_nologo.png,,,,,,,,
SSA-P-10087,Dcln,"��cln,Declan.���,0 IQ Dcln,Dcln.���,declan. ���",declan,Declan Gierz,,08/05/2007,South Africa,https://www.twitch.tv/itsdecllan,,,https://rlesport.gg/downloads/player_pics/declan.png,,,,,,,,
SSA-P-10088,Eggnogg,,,,,,South Africa,,,,https://rlesport.gg/downloads/player_pics/default_nologo.png,,,,,,,,
SSA-P-10089,Noxya,,,,,,Reunion,,,,https://rlesport.gg/downloads/player_pics/default_nologo.png,,,,,,,,
SSA-P-10090,Erratic,Erratic.,,Michael de Villiers,,12/08/1998,South Africa,,,,https://rlesport.gg/downloads/player_pics/default_nologo.png,,,,,,,,
SSA-P-10091,Jeff,"Jeff���,Jef����,J��ff,Liftyss,UNITY SUB",Liftyss,Jayden Dunford,,23/05/2006,South Africa,https://www.twitch.tv/za_jeff,,,https://rlesport.gg/downloads/player_pics/jeff.jpg,,,,,,,,
SSA-P-10092,Modezy,,,,,,South Africa,,,,https://rlesport.gg/downloads/player_pics/default_nologo.png,,,,,,,,
SSA-P-10093,DivDK,,,,,,France,,,,https://rlesport.gg/downloads/player_pics/default_nologo.png,,,,,,,,
SSA-P-10094,Sauce.,,,,,,South Africa,,,,https://rlesport.gg/downloads/player_pics/default_nologo.png,,,,,,,,
SSA-P-10095,Nuke,,,Luke Fowkes,,03/07/2003,South Africa,,,,https://rlesport.gg/downloads/player_pics/default_nologo.png,,,,,,,,
SSA-P-10096,Hireo,,,,,,France,,,,https://rlesport.gg/downloads/player_pics/default_nologo.png,,,,,,,,
SSA-P-10097,Kasumi_Momoshiro,,,,,,Reunion,,,,https://rlesport.gg/downloads/player_pics/default_nologo.png,,,,,,,,
SSA-P-10098,claude974,,,,,,Reunion,,,,https://rlesport.gg/downloads/player_pics/default_nologo.png,,,,,,,,
SSA-P-10099,Physics,Daze,Daze,,,,South Africa,,,,https://rlesport.gg/downloads/player_pics/default_nologo.png,,,,,,,,
SSA-P-10100,SkyGetsu,,,,,,Reunion,,,,https://rlesport.gg/downloads/player_pics/default_nologo.png,,,,,,,,
SSA-P-10101,,,,,,,,,,,,,,,,,,,
SSA-P-10102,Impie_sappie,,,Hannes Schlebusch,,,South Africa,,,,https://rlesport.gg/downloads/player_pics/default_nologo.png,,,,,,,,
SSA-P-10103,Shadow (Reunion Player),,,,,,,,,,https://rlesport.gg/downloads/player_pics/default_nologo.png,,,,,,,,
SSA-P-10104,loots.-,,,,,,,,,,https://rlesport.gg/downloads/player_pics/default_nologo.png,,,,,,,,
SSA-P-10105,Offset,,,,,,South Africa,,,,https://rlesport.gg/downloads/player_pics/default_nologo.png,,,,,,,,
SSA-P-10106,VuDu,,,,,,,,,,https://rlesport.gg/downloads/player_pics/default_nologo.png,,,,,,,,
SSA-P-10107,Sub-Zero,,,Matt Louw,,,South Africa,,,,https://rlesport.gg/downloads/player_pics/default_nologo.png,,,,,,,,
SSA-P-10108,Syfohn,"Syfohn.,Syfohn,Syfohn.",,Ross McGrory,,04/12/2002,South Africa,,,,https://rlesport.gg/downloads/player_pics/default_nologo.png,,,,,,,,
SSA-P-10109,NotHappy,,,,,,,,,,https://rlesport.gg/downloads/player_pics/default_nologo.png,,,,,,,,
SSA-P-10110,,,,,,,,,,,,,,,,,,,
SSA-P-10111,,,,,,,,,,,,,,,,,,,
SSA-P-10112,eNtiTy,"eNt,eNtiTy,eNtiTy._",,Zander Langley,,21/08/2000,South Africa,,,,https://rlesport.gg/downloads/player_pics/default_nologo.png,,,,,,,,
SSA-P-10113,,,,,,,,,,,,,,,,,,,
SSA-P-10114,,,,,,,,,,,,,,,,,,,
SSA-P-10115,GoldNiNja,,,Brenton Coombe-Davis,,20/08/2002,South Africa,,,,https://rlesport.gg/downloads/player_pics/default_nologo.png,,,,,,,,
SSA-P-10116,motty,,,Jaco Boltman,,,South Africa,,,,https://rlesport.gg/downloads/player_pics/default_nologo.png,,,,,,,,
SSA-P-10117,Gyzow,,,Gijs Verhulst,,25/06/2001,Netherlands,https://www.twitch.tv/gyzowofficial,,,https://rlesport.gg/downloads/player_pics/default_nologo.png,,,,,,,,
SSA-P-10118,Snoozy,snoozy[?],,Sam Evanson,,09/07/2007,South Africa,https://www.twitch.tv/snoozy_za,,,https://rlesport.gg/downloads/player_pics/snoozy.jpg,,,,,,,,
SSA-P-10119,Fatal,fatal ���,,,,,South Africa,,,,https://rlesport.gg/downloads/player_pics/default_nologo.png,,,,,,,,
SSA-P-10120,T3ACHER1,,,Ruan Viljoen,,16/02/2006,South Africa,,,,https://rlesport.gg/downloads/player_pics/default_nologo.png,,,,,,,,
SSA-P-10121,,,,,,,,,,,,,,,,,,,
SSA-P-10122,Xyro,!xyro,,Jacob B.,,dd/mm/2004,South Africa,,,,https://rlesport.gg/downloads/player_pics/default_nologo.png,,,,,,,,
SSA-P-10123,Duklaz,bouj,,Luca Reuben,,21/02/2004,South Africa,,,,https://rlesport.gg/downloads/player_pics/duklaz.jpg,,,,,,,,
SSA-P-10124,N1TRO,"N1TR��.,ntr.������,N!TRO,N1TRØ.",,Amandla D.,,21/08/2005,South Africa,,,,https://rlesport.gg/downloads/player_pics/n1tro.jpg,,,,,,,,
SSA-P-10125,,,,,,,,,,,,,,,,,,,
SSA-P-10126,a n d h y,,,,,,Reunion,,,,https://rlesport.gg/downloads/player_pics/default_nologo.png,,,,,,,,
SSA-P-10127,Akay,,,,,,Reunion,,,,https://rlesport.gg/downloads/player_pics/default_nologo.png,,,,,,,,
SSA-P-10128,Shadow,,,David Robinson,,17/02/2001,South Africa,,,,https://rlesport.gg/downloads/player_pics/default_nologo.png,,,,,,,,
SSA-P-10129,d-money,d-money._,,Danish Saleem,,,South Africa,,,,https://rlesport.gg/downloads/player_pics/default_nologo.png,,,,,,,,
SSA-P-10130,Dilly,"dylan.���,dylnɥ,Dilly.���",dylan,,,06/02/2008,South Africa,https://www.twitch.tv/dylnrll,,,https://rlesport.gg/downloads/player_pics/dilly.jpg,,,,,,,,
SSA-P-10131,gunz,"Gunzzee,gunzinho,gunz,smallintestine23,gunz,gunz,gunzanga","Gunzanga,smallintestine23",Brayden Keith,,06/11/2006,South Africa,https://www.twitch.tv/gunzanga,,,https://rlesport.gg/downloads/player_pics/gunz.jpg,,,,,,,,
SSA-P-10132,jrs,!JRS,,Jean Ryan Snyman,,23/10/2003,South Africa,,,,https://rlesport.gg/downloads/player_pics/default_nologo.png,,,,,,,,
SSA-P-10133,Mustang,Must������g,,,,,Italy,,,,https://rlesport.gg/downloads/player_pics/default_nologo.png,,,,,,,,
SSA-P-10134,BananaCat,,,Hendre de Kock,,17/02/2006,South Africa,,,,https://rlesport.gg/downloads/player_pics/Bananacat.jpg,,,,,,,,
SSA-P-10135,Eclipsy,E��lipsy,,,,,South Africa,,,,https://rlesport.gg/downloads/player_pics/Eclipsy.jpg,,,,,,,,
SSA-P-10136,Heatzy,"HeatzyRL,heatz.",,Yael Martz,,21/07/2005,Reunion,,,,https://rlesport.gg/downloads/player_pics/default_nologo.png,,,,,,,,
SSA-P-10137,Riscay,Riscay.,,,,,South Africa,,,,https://rlesport.gg/downloads/player_pics/default_nologo.png,,,,,,,,
SSA-P-10138,Ubertec,Ubertec-_-,,Sébastien Blain,,10/06/2002,Reunion,,,,https://rlesport.gg/downloads/player_pics/default_nologo.png,,,,,,,,
SSA-P-10139,Vizion,Vizio��,,,,,Mozambique,,,,https://rlesport.gg/downloads/player_pics/default_nologo.png,,,,,,,,
SSA-P-10140,Luna,L������,,,,,South Africa,,,,https://rlesport.gg/downloads/player_pics/default_nologo.png,,,,,,,,
SSA-P-10141,Akai,akai.,,,,,Algeria,,,,https://rlesport.gg/downloads/player_pics/default_nologo.png,,,,,,,,
SSA-P-10142,Anyeelo,Anyeelo.,,Ángel Méndez Agudo,,10/07/2005,Spain,,,,https://liquipedia.net/commons/images/7/77/Anyeelo.jpeg,,,,,,,,
SSA-P-10143,Mario,atR Mario.,,Mario Martin Garcia,,19/02/2003,Spain,https://www.twitch.tv/maario___,,,https://rlesport.gg/downloads/player_pics/default_nologo.png,,,,,,,,
SSA-P-10144,Bairechuu,"parannoul,Bairechuu,Bairechuu,baw","parannoul,baw",Ignacio Ponce Forastieri,,10/09/2005,Spain,https://www.twitch.tv/bairechuu,,,https://liquipedia.net/commons/images/c/c3/Bairechuu.png,,,,,,,,
SSA-P-10145,BreeZy,BreeZyyyyy.,,,,21/03/2006,South Africa,,,,https://rlesport.gg/downloads/player_pics/breezy.jpg,,,,,,,,
SSA-P-10146,Fusion77,DQ fusion77,,Pedro Alexandre Almeida Pinheiro,,19/06/2003,Portugal,,,,https://rlesport.gg/downloads/player_pics/default_nologo.png,,,,,,,,
SSA-P-10147,Lazybear,"lazybear,DQ lazybear,zalo,ZALO$,lzy,lazybear.","lzy,Zalo",Gonçalo dos Santos Costa,,20/06/2004,Portugal,https://www.twitch.tv/lazybeaar,,,https://liquipedia.net/commons/images/a/a9/Lazybear.jpg,,,,,,,,
SSA-P-10148,twnzr,"twnzr.,DQ twnzr,twnzr13",,Maxmilian Rehak,,13/04/2004,Germany,https://www.twitch.tv/twnzr13,,,https://liquipedia.net/commons/images/8/81/Twnzr_2023.jpg,,,,,,,,
SSA-P-10149,Egle,"ezgles,egles.,egleoreo,Egle6teen,eglerll",Egle6teen,Baptiste Angama,,29/08/2007,Reunion,,,,https://rlesport.gg/downloads/player_pics/egle.jpg,,,,,,,,
SSA-P-10150,Floeppa,,,Dani Bekker,,28/02/2003,Netherlands,https://www.twitch.tv/danimeisterrr,,,https://rlesport.gg/downloads/player_pics/default_nologo.png,,,,,,,,
SSA-P-10151,Jarno,,,Jarno Kasbergen,,13/08/2002,Netherlands,,,,https://liquipedia.net/commons/images/a/a0/Jarno_Inside_Esports.jpg,,,,,,,,
SSA-P-10152,lecraM,lecraM!,,Marcel Schilperoort,,14/11/2000,Netherlands,https://www.twitch.tv/lecram_rl,,,https://rlesport.gg/downloads/player_pics/default_nologo.png,,,,,,,,
SSA-P-10153,Limit!,,,,,,,,,,https://rlesport.gg/downloads/player_pics/default_nologo.png,,,,,,,,
SSA-P-10154,Motion,"Little MOTION)"",Little MOTION",,William O'Connor,,29/10/2006,England,https://www.twitch.tv/motionrl__,,,https://rlesport.gg/downloads/player_pics/default_nologo.png,,,,,,,,
SSA-P-10155,Marmoan,,,Marnix Boogert,,28/10/2005,Netherlands,,,,https://rlesport.gg/downloads/player_pics/default_nologo.png,,,,,,,,
SSA-P-10156,Mass,"mass,massrll",,Massi Farhi,,13/12/2002,Algeria,,,,https://rlesport.gg/downloads/player_pics/default_nologo.png,,,,,,,,
SSA-P-10157,Nuqqet,,,Giacomo Tripi,,08/01/2007,England,,,,https://rlesport.gg/downloads/player_pics/default_nologo.png,,,,,,,,
SSA-P-10158,Ozxnn,,,,,,Netherlands,,,,https://rlesport.gg/downloads/player_pics/default_nologo.png,,,,,,,,
SSA-P-10159,Ramzy,"ramzzyy>,<ramzyy>,ramzy,ramzzy!",,Ramzy Lrb,,13/02/2006,Algeria,,,,https://rlesport.gg/downloads/player_pics/default_nologo.png,,,,,,,,
SSA-P-10160,TeeZee,,,,,,Netherlands,,,,https://rlesport.gg/downloads/player_pics/default_nologo.png,,,,,,,,
SSA-P-10161,,,,,,,,,,,,,,,,,,,
SSA-P-10162,reeho!,YMC reeho!,,Reece Horden,,01/06/2007,England,https://www.twitch.tv/reehoRL,,,https://rlesport.gg/downloads/player_pics/default_nologo.png,,,,,,,,
SSA-P-10163,YoScraf ���,,,,,,South Africa,,,,https://rlesport.gg/downloads/player_pics/default_nologo.png,,,,,,,,
SSA-P-10164,Zany,Zany!,,Jeremy Gaul,,12/12/2007,South Africa,,,,https://rlesport.gg/downloads/player_pics/zany.jpg,,,,,,,,
SSA-P-10165,BramR,BramR_,,,,,Netherlands,,,,https://rlesport.gg/downloads/player_pics/default_nologo.png,,,,,,,,
SSA-P-10166,Cryypto,"Pulse Cryypto,Cryypto",,Elliot Webb,,22/04/2004,England,https://www.twitch.tv/cryypto_,,,https://rlesport.gg/downloads/player_pics/default_nologo.png,,,,,,,,
SSA-P-10167,Edek,,,,,,Poland,,,,https://rlesport.gg/downloads/player_pics/default_nologo.png,,,,,,,,
SSA-P-10168,energizer,,,Arne Dill,,dd/mm/2004,Germany,https://www.twitch.tv/energizerrl,,,https://rlesport.gg/downloads/player_pics/default_nologo.png,,,,,,,,
SSA-P-10169,fimpf83,,,,,,South Africa,,,,https://rlesport.gg/downloads/player_pics/default_nologo.png,,,,,,,,
SSA-P-10170,,,,,,,,,,,,,,,,,,,
SSA-P-10171,Glfty,Glfty m00n,Glfty m00n,Kairn Rigby,,02/04/2004,England,https://www.twitch.tv/Glftyy,,,https://rlesport.gg/downloads/player_pics/default_nologo.png,,,,,,,,
SSA-P-10172,Jelly,".jelly.���,jelly.���",,Emanuele Minotti,,22/08/2006,Italy,https://www.twitch.tv/jellyrl_,,,https://rlesport.gg/downloads/player_pics/default_nologo.png,,,,,,,,
SSA-P-10173,Kito,,,Jakub Okurowski,,20/06/2003,Poland,,,,https://rlesport.gg/downloads/player_pics/default_nologo.png,,,,,,,,
SSA-P-10174,,,,,,,,,,,,,,,,,,,
SSA-P-10175,Toli,,,Andrea Tolipano,,28/12/2004,Italy,https://www.twitch.tv/Tolirll,,,https://rlesport.gg/downloads/player_pics/default_nologo.png,,,,,,,,
SSA-P-10176,Twister,"Twstr.21,Twister.",,Dennis Boxberger,,21/04/2004,Germany,,,,https://rlesport.gg/downloads/player_pics/default_nologo.png,,,,,,,,
SSA-P-10177,,,,,,,,,,,,,,,,,,,
SSA-P-10178,wylew,"wylew+<3,WORSTPLEJER",WORSTPLEJER,Bartosz Krząstek,,04/05/2007,Poland,,,,https://rlesport.gg/downloads/player_pics/default_nologo.png,,,,,,,,
SSA-P-10179,Armonik,.armonik!,,Pedro Palau,,16/02/2001,Spain,https://www.twitch.tv/ArmoniKRL,,,https://liquipedia.net/commons/images/a/a6/RLCS_World_Championship_2025_LAN_Michal_Konkol_Armonik.jpg,,,,,,,,
SSA-P-10180,ASH <3,,,,,,Spain,,,,https://rlesport.gg/downloads/player_pics/default_nologo.png,,,,,,,,
SSA-P-10181,Chrono,,,Zabi Qayumi,,08/10/2005,Afghanistan,https://www.twitch.tv/ChronoRL,,,https://rlesport.gg/downloads/player_pics/default_nologo.png,,,,,,,,
SSA-P-10182,Drew.,,,Drew Buckley,,09/10/2004,England,,,,https://rlesport.gg/downloads/player_pics/default_nologo.png,,,,,,,,
SSA-P-10183,Gioxhz.,,,,,,Italy,,,,https://rlesport.gg/downloads/player_pics/default_nologo.png,,,,,,,,
SSA-P-10184,Marvalz,,,,,,Spain,,,,https://rlesport.gg/downloads/player_pics/default_nologo.png,,,,,,,,
SSA-P-10185,TrickStarz,TrickStarz ^-^,,Thomas,,,Norway,,,,https://rlesport.gg/downloads/player_pics/default_nologo.png,,,,,,,,
SSA-P-10186,xKekko.,,,,,,Italy,,,,https://rlesport.gg/downloads/player_pics/default_nologo.png,,,,,,,,
SSA-P-10187,ZaBle.X,,,,,,Italy,,,,https://rlesport.gg/downloads/player_pics/default_nologo.png,,,,,,,,
SSA-P-10188,Revezy,"Revezy_,revezy-",,Joshua Wright,,30/03/2005,England,https://www.twitch.tv/Revezy1,,,https://rlesport.gg/downloads/player_pics/default_nologo.png,,,,,,,,
SSA-P-10189,velocity,,,Adam Jackson,,22/10/2005,England,,,,https://rlesport.gg/downloads/player_pics/default_nologo.png,,,,,,,,
SSA-P-10190,ASN_RuBiiX,,,Rubén Santana Navarro,,09/01/2003,Spain,https://www.twitch.tv/asn_rubiix,,,https://liquipedia.net/commons/images/thumb/8/8b/RLCS_London_Major_2024_LAN_Michal_Konkol_ASN_RuBiiX.jpg/1200px-RLCS_London_Major_2024_LAN_Michal_Konkol_ASN_RuBiiX.jpg,,,,,,,,
SSA-P-10191,Leoro,"Leoro,¿LEORO?,Leoro.",,Pablo León Briones,,26/06/2002,Spain,,,,https://rlesport.gg/downloads/player_pics/leoro.jpg,,,,,,,,
SSA-P-10192,Torres,TORRES8232,,Pablo Torres,,22/09/2004,Spain,,,,https://liquipedia.net/commons/images/c/ca/RLCS_World_Championship_2025_LAN_Michal_Konkol_Torres8232.jpg,,,,,,,,
SSA-P-10193,VKSailen,,,Diego Isla Serrano,,07/06/2003,Spain,https://www.twitch.tv/VKSailen,,,https://liquipedia.net/commons/images/5/57/RLCS_London_Major_2024_LAN_Michal_Konkol_VKSailen.jpg,,,,,,,,
SSA-P-10194,justcama.,,,Dennys Camastro,,22/12/2004,Italy,,,,https://rlesport.gg/downloads/player_pics/default_nologo.png,,,,,,,,
SSA-P-10195,AbuLba,"Lba,AbuLba",Lba,Maged Hussein Salim,,16/06/2004,Egypt,,,,https://rlesport.gg/downloads/player_pics/default_nologo.png,,,,,,,,
SSA-P-10196,Kexii,"kexii,7kexii, kexii,Mec(K)exii,kexii.",Mec(K)exii,Thomas Kitchener-West,,18/07/2005,England,,,,https://rlesport.gg/downloads/player_pics/default_nologo.png,,,,,,,,
SSA-P-10197,Teschow,"Teschow Rikow,Teschow.",,Kylian Dally,,05/05/2010,Reunion,https://www.twitch.tv/teschow,,,https://rlesport.gg/downloads/player_pics/default_nologo.png,,,,,,,,
SSA-P-10198,Mojito,"Mojito.,mo.",,,,,South Africa,,,,https://rlesport.gg/downloads/player_pics/default_nologo.png,,,,,,,,
SSA-P-10199,tkay,tkay���,,,,,South Africa,,,,https://rlesport.gg/downloads/player_pics/default_nologo.png,,,,,,,,
SSA-P-10200,Alex837,,,Alessio Accomando,,06/07/1997,Italy,,,,https://rlesport.gg/downloads/player_pics/default_nologo.png,,,,,,,,
SSA-P-10201,Lankai,atR Lankai,,Lankai Lamptey,,,Ghana,,,,https://rlesport.gg/downloads/player_pics/default_nologo.png,,,,,,,,
SSA-P-10202,Barist,,,Tommaso Battistoni,,02/02/2001,Italy,,,,https://rlesport.gg/downloads/player_pics/default_nologo.png,,,,,,,,
SSA-P-10203,Cyx,"CyxRLCS,Cyx511",,Joe Rouse,,21/02/2005,England,https://www.twitch.tv/cyx101,,,https://rlesport.gg/downloads/player_pics/default_nologo.png,,,,,,,,
SSA-P-10204,Laru,,,Marco La Rosa,,21/04/1990,Italy,,,,https://liquipedia.net/commons/images/8/8a/Laru_-_IRC_Season_10_Finals.jpg,,,,,,,,
SSA-P-10205,valid,"valid.,.,valid.,valid,valid,!evas a tahW,validvalidvalidvvalidvalidvalid,!evas a tahW,valid (Broken Ulna),valid",,Mohsen Wassiem Al-Hassan,,26/02/2007,Saudi Arabia,https://www.twitch.tv/validrl_,,,https://rlesport.gg/downloads/player_pics/default_nologo.png,,,,,,,,
SSA-P-10206,FERGM,FERGM.,,Fernando Gil,,03/12/2004,Spain,,,,https://rlesport.gg/downloads/player_pics/default_nologo.png,,,,,,,,
SSA-P-10207,yova,".yova,-yova",,Yovanny Mojica Hernández,,05/11/2007,Spain,,,,https://rlesport.gg/downloads/player_pics/default_nologo.png,,,,,,,,
SSA-P-10208,Bryza,"Bryza ✰,Bryza ���",,Jan Wergusch,,22/12/2004,Germany,https://www.twitch.tv/bryzarr,,,https://rlesport.gg/downloads/player_pics/default_nologo.png,,,,,,,,
SSA-P-10209,Calzafy,,,Calum Mathieson,,26/09/2000,Scottland,,,,https://liquipedia.net/commons/images/2/20/Calzafy.jpg,,,,,,,,
SSA-P-10210,carca,,,Javier Caballero Laguna,,14/07/2003,Spain,https://www.twitch.tv/CarcaRL,,,https://rlesport.gg/downloads/player_pics/default_nologo.png,,,,,,,,
SSA-P-10211,creamyy,,,Joakim Scheelhardt,,22/02/2003,Denmark,https://www.twitch.tv/creamyyrl,https://www.tiktok.com/@creamyyrl,,https://rlesport.gg/downloads/player_pics/default_nologo.png,,,,,,,,
SSA-P-10212,DAYYS!,,,,,08/02/2006,Scottland,,,,https://rlesport.gg/downloads/player_pics/default_nologo.png,,,,,,,,
SSA-P-10213,Devour,"d��vour,Devour ���,devour (6ft),devour (le passion)",,Davor Soldo,,26/11/2010,South Africa,https://www.twitch.tv/devour__rl,,,https://rlesport.gg/downloads/player_pics/devour.jpg,,,,,,,,
SSA-P-10214,Halden,,,Tyler Wood,,04/03/2004,England,,,,https://rlesport.gg/downloads/player_pics/default_nologo.png,,,,,,,,
SSA-P-10215,insp1re,"insp1re,ir,inspaura",,Sem Hellings,,29/10/2005,Netherlands,https://www.twitch.tv/insp1re_rl,,,https://rlesport.gg/downloads/player_pics/default_nologo.png,,,,,,,,
SSA-P-10216,Ivan,Ivan.,,Iván Vega Ramírez,,22/12/2003,Spain,https://www.twitch.tv/iivanszn,,,https://liquipedia.net/commons/images/3/31/Ivan_SFL_Season_10.jpg,,,,,,,,
SSA-P-10217,jori,,,Tim Jori,,,Netherlands,https://www.twitch.tv/vensi7,,,https://rlesport.gg/downloads/player_pics/default_nologo.png,,,,,,,,
SSA-P-10218,Khiernan,,,Robert Kiernan,,27/11/2003,Ireland,,,,https://rlesport.gg/downloads/player_pics/default_nologo.png,,,,,,,,
SSA-P-10219,Madssssss,Madssssss.,,Mads Lindholm Sørensen,,30/01/2003,Denmark,https://www.twitch.tv/madssssssrl,,,https://rlesport.gg/downloads/player_pics/default_nologo.png,,,,,,,,
SSA-P-10220,Mira,Mira.,,Juan Manuel,,03/12/2002,Spain,https://www.twitch.tv/mira_rl,,,https://rlesport.gg/downloads/player_pics/default_nologo.png,,,,,,,,
SSA-P-10221,PinGu,"P!nGu, PinGu,PinGu (New Controller), P!nGuzanga, PinGu",,Marcos García Garzás,,29/03/2004,Spain,https://www.twitch.tv/pingu__rl,,,https://rlesport.gg/downloads/player_pics/default_nologo.png,,,,,,,,
SSA-P-10222,Qtipz,,,,,dd/mm/2007,Norway,https://www.twitch.tv/Qtiipzz,,,https://rlesport.gg/downloads/player_pics/default_nologo.png,,,,,,,,
SSA-P-10223,Rexo,,,Nicklas Brix,,01/02/2003,Denmark,https://www.twitch.tv/rexorl,,,https://liquipedia.net/commons/images/6/6c/Nitro_League_Season_X_Finals_-_Rexo.JPG,,,,,,,,
SSA-P-10224,Rixy,Rixy.,,,,12/10/2003,Saudi Arabia,https://www.twitch.tv/rlrixy,,,https://rlesport.gg/downloads/player_pics/default_nologo.png,,,,,,,,
SSA-P-10225,rizon,,,Dylan Young,,15/08/2002,England,,,,https://rlesport.gg/downloads/player_pics/default_nologo.png,,,,,,,,
SSA-P-10226,Ravioli,"ravi��li.���, Ravi,ravióli.,ravióli †,ravi��li ���",,Kieolan Padayachee,,dd/mm/2010,South Africa,,,,https://rlesport.gg/downloads/player_pics/ravi.jpg,,,,,,,,
SSA-P-10227,StaaR,"##@!,STAAR",,Cameron Hill,,10/10/2005,England,,,,https://rlesport.gg/downloads/player_pics/default_nologo.png,,,,,,,,
SSA-P-10228,Syke,,,David,,29/03/2006,Spain,https://www.twitch.tv/SykeRL,,,https://rlesport.gg/downloads/player_pics/default_nologo.png,,,,,,,,
SSA-P-10229,Tjester,,,Pascal Rousseau,,13/04/2005,France,,,,https://rlesport.gg/downloads/player_pics/default_nologo.png,,,,,,,,
SSA-P-10230,Youngstar,"Youngstar,youngstar. ���",,Kai Kruse,,26/11/2003,Germany,https://www.twitch.tv/YoungstarRL,,,https://rlesport.gg/downloads/player_pics/default_nologo.png,,,,,,,,
SSA-P-10231,arafar,,,André Reis,,23/10/2002,Portugal,,,,https://rlesport.gg/downloads/player_pics/default_nologo.png,,,,,,,,
SSA-P-10232,badnezz,"badnezzrl,badnezz.",,Mauro Ongena,,25/12/2003,Belgium,https://www.twitch.tv/badnezzrl,,,https://liquipedia.net/commons/images/b/b4/PGW_2024_Anita_Pijffers_badnezz.jpg,,,,,,,,
SSA-P-10233,Kata,Kata Rikow !,,,,,France,,,,https://rlesport.gg/downloads/player_pics/default_nologo.png,,,,,,,,
SSA-P-10234,neiko,,,,,,Portugal,,,,https://rlesport.gg/downloads/player_pics/default_nologo.png,,,,,,,,
SSA-P-10235,,,,,,,,,,,,,,,,,,,
SSA-P-10236,Zewix,,,,,,Reunion,,,,https://rlesport.gg/downloads/player_pics/default_nologo.png,,,,,,,,
SSA-P-10237,npc,,,Victor Heras,,,Spain,,,,https://rlesport.gg/downloads/player_pics/default_nologo.png,,,,,,,,
SSA-P-10238,Bubble.,,,,,,Portugal,,,,https://rlesport.gg/downloads/player_pics/default_nologo.png,,,,,,,,
SSA-P-10239,Deal,,,,,,Netherlands,,,,https://rlesport.gg/downloads/player_pics/default_nologo.png,,,,,,,,
SSA-P-10240,DETO,,,,,,Netherlands,,,,https://rlesport.gg/downloads/player_pics/default_nologo.png,,,,,,,,
SSA-P-10241,gAmBlE,,,Délano Hoskens,,02/09/2005,Netherlands,https://www.twitch.tv/GambleP,,,https://rlesport.gg/downloads/player_pics/default_nologo.png,,,,,,,,
SSA-P-10242,Kejay,,,,,,Bulgaria,,,,https://rlesport.gg/downloads/player_pics/default_nologo.png,,,,,,,,
SSA-P-10243,Evo,"lewis,wthellyNohara,Noharaa","Lewis,wthellyNohara,Noharaa",Lewis E.,,,England,,,,https://rlesport.gg/downloads/player_pics/default_nologo.png,,,,,,,,
SSA-P-10244,Lickse,,,Leonardo Martins,,18/05/2002,Portugal,,,,https://rlesport.gg/downloads/player_pics/default_nologo.png,,,,,,,,
SSA-P-10245,Sweezy,Little sweezy^^,,,,,England,,,,https://rlesport.gg/downloads/player_pics/default_nologo.png,,,,,,,,
SSA-P-10246,onizumaa,,,Maxime Hoarau,,27/03/2007,Reunion,,,,https://rlesport.gg/downloads/player_pics/default_nologo.png,,,,,,,,
SSA-P-10247,muss,,,,,,Poland,,,,https://rlesport.gg/downloads/player_pics/default_nologo.png,,,,,,,,
SSA-P-10248,RENZO,,,Renzo Bonestroo,,16/05/2005,Netherlannds,,,,https://rlesport.gg/downloads/player_pics/default_nologo.png,,,,,,,,
SSA-P-10249,sevenpack,sevenpack.,,,,,Portugal,,,,https://rlesport.gg/downloads/player_pics/default_nologo.png,,,,,,,,
SSA-P-10250,Trin,,,Cleveland Marshall,,09/08/2006,England,,,,https://liquipedia.net/commons/images/e/ee/Trin_RL.jpeg,,,,,,,,
SSA-P-10251,Vesh,,,Mateusz Wiśnik,,22/11/2000,Poland,https://www.twitch.tv/Vesh_TV,,,https://rlesport.gg/downloads/player_pics/default_nologo.png,,,,,,,,
SSA-P-10252,voidyy.,,,,,,England,,,,https://rlesport.gg/downloads/player_pics/default_nologo.png,,,,,,,,
SSA-P-10253,marssyy,"wilxnt,marssyy, m,mAArsSyY",wilxnt,Flavien Gallais,,18/05/2008,Reunion,https://www.twitch.tv/mvrsyyy,,,https://rlesport.gg/downloads/player_pics/default_nologo.png,,,,,,,,
SSA-P-10254,Aje,,,,,,Spain,,,,https://rlesport.gg/downloads/player_pics/default_nologo.png,,,,,,,,
SSA-P-10255,meendas,Josema.,Josema.,,,,Spain,,,,https://rlesport.gg/downloads/player_pics/default_nologo.png,,,,,,,,
SSA-P-10256,Reshiram,"reshi,reshiram,lovely reshi<3",,Enzo M.,,10/04/2006,France,,,,https://rlesport.gg/downloads/player_pics/default_nologo.png,,,,,,,,
SSA-P-10257,sxm,,,,,,Spain,,,,https://rlesport.gg/downloads/player_pics/default_nologo.png,,,,,,,,
SSA-P-10258,Thooberr,"Thxxberr������, Thooberr",,Tom Huber,,12/03/2006,England,,,,https://rlesport.gg/downloads/player_pics/default_nologo.png,,,,,,,,
SSA-P-10259,Shallow,shallow ���,,Jack Dixon,,03/10/2003,Ireland,https://www.twitch.tv/shallow_rl,,,https://rlesport.gg/downloads/player_pics/default_nologo.png,,,,,,,,
SSA-P-10260,Sikii,Siqii.,,,,,Spain,,,,https://rlesport.gg/downloads/player_pics/default_nologo.png,,,,,,,,
SSA-P-10261,nashlo911,,,,,,South Africa,,,,https://rlesport.gg/downloads/player_pics/default_nologo.png,,,,,,,,
SSA-P-10262,tepra,arpet,,Eduardo Maria D'Amico,,28/06/2007,Italy,,,,https://rlesport.gg/downloads/player_pics/default_nologo.png,,,,,,,,
SSA-P-10263,cramox,,,Christian Fidalgo Aresté,,23/12/2003,Spain,,,,https://rlesport.gg/downloads/player_pics/default_nologo.png,,,,,,,,
SSA-P-10264,HotWheel1003,,,,,,,,,,,,,,,,,,
SSA-P-10265,Appelsous,,,,,,South Africa,,,,https://rlesport.gg/downloads/player_pics/Appelsous.jpg,,,,,,,,
SSA-P-10266,Bruninho,Skream,,Isaac E.,,18/08/2003,Spain,,,,https://rlesport.gg/downloads/player_pics/default_nologo.png,,,,,,,,
SSA-P-10267,Flakey,FLAKE,,,,,United States,,,,https://rlesport.gg/downloads/player_pics/default_nologo.png,,,,,,,,
SSA-P-10268,NobleWarrior,,,,,,South Africa,,,,https://rlesport.gg/downloads/player_pics/default_nologo.png,,,,,,,,
SSA-P-10269,Alemz,zeelai,,Alicia Martínez Furriol,,10/03/2004,Spain,,,,https://rlesport.gg/downloads/player_pics/default_nologo.png,,,,,,,,
SSA-P-10270,tweex,boitjie tweex,,Rion Möller,,11/10/2007,Namibia,,,,https://rlesport.gg/downloads/player_pics/tweex.jpg,,,,,,,,
SSA-P-10271,Cometten,,,Tomáš Skřivánek,,05/02/2004,Czechia,,,,https://rlesport.gg/downloads/player_pics/default_nologo.png,,,,,,,,
SSA-P-10272,Czudo,,,Jakub Czudowski,,02/02/2009,Poland,,,,https://rlesport.gg/downloads/player_pics/default_nologo.png,,,,,,,,
SSA-P-10273,Dalton,"DaltonZA9644,DaltonZzZ.",,Dalton Foster,,04/02/2008,South Africa,,,,https://rlesport.gg/downloads/player_pics/dalton.jpg,,,,,,,,
SSA-P-10274,SuicideLlama,,,Luke Slater,,,South Africa,,,,https://rlesport.gg/downloads/player_pics/default_nologo.png,,,,,,,,
SSA-P-10275,LuiisP,,,Luis Puente Peña,,11/12/2003,Spain,https://www.twitch.tv/LuiisP_RL,,,https://liquipedia.net/commons/images/4/45/GRIDSERVE_Resolve_LuiisP.jpg,,,,,,,,
SSA-P-10276,mxshinn,"M$HNN.,mxshinn.,me$hinn.,mshnn.,meshinn",,Dominik Orbán,,27/06/2002,Hungary,https://www.twitch.tv/meshiinn,,,https://rlesport.gg/downloads/player_pics/meshinn.png,,,,,,,,
SSA-P-10277,Peanuts,Peanuts���,,Uthmaan Salasa,,05/11/2002,South Africa,,,,https://rlesport.gg/downloads/player_pics/peanuts.jpg,,,,,,,,
SSA-P-10278,Renshiro,,,Jesse Rissanen,,17/03/2003,Finland,https://www.twitch.tv/Renshiro_,,,https://liquipedia.net/commons/images/3/30/RoundsGG_Renshiro_2024.jpeg,,,,,,,,
SSA-P-10279,Stake,NEW PLAYER,,Marc Bosch Plujà,,20/07/2000,Spain,https://www.twitch.tv/stake,,,https://liquipedia.net/commons/images/2/21/Stake.jpg,,,,,,,,
SSA-P-10280,Chancla,��hancla,,Angel,,25/05/2008,Spain,,,,https://rlesport.gg/downloads/player_pics/default_nologo.png,,,,,,,,
SSA-P-10281,tehqoz,,,Óscar Arco,,14/03/2006,Spain,,,,https://rlesport.gg/downloads/player_pics/tehqoz.jpg,,,,,,,,
SSA-P-10282,Galaxi22,Galaxii-_-,,,,,France,,,,https://rlesport.gg/downloads/player_pics/default_nologo.png,,,,,,,,
SSA-P-10283,halouest,halouest prime,,Luther Rougemont,,30/04/2006,France,https://www.twitch.tv/halouestrl,,,https://rlesport.gg/downloads/player_pics/default_nologo.png,,,,,,,,
SSA-P-10284,kayvee,,,,,dd/mm/2007,South Africa,,,,https://rlesport.gg/downloads/player_pics/default_nologo.png,,,,,,,,
SSA-P-10285,Lorax,,,,,dd/mm/2007,South Africa,,,,https://rlesport.gg/downloads/player_pics/default_nologo.png,,,,,,,,
SSA-P-10286,Oji,"øji.,��ji.",,Élizé,,dd/mm/2010,Reunion,,,,https://rlesport.gg/downloads/player_pics/default_nologo.png,,,,,,,,
SSA-P-10287,olam06,,,,,dd/mm/2007,South Africa,,,,https://rlesport.gg/downloads/player_pics/default_nologo.png,,,,,,,,
SSA-P-10288,pandak.,,,Yael Dumazedier,,23/06/2008,Reunion,,,,https://rlesport.gg/downloads/player_pics/default_nologo.png,,,,,,,,
SSA-P-10289,rafgr,raf µµµ,,,,,Reunion,,,,https://rlesport.gg/downloads/player_pics/default_nologo.png,,,,,,,,
SSA-P-10290,Sully,Sũlly.,,,,,Reunion,,,,https://rlesport.gg/downloads/player_pics/default_nologo.png,,,,,,,,
SSA-P-10291,tykop,,,,,,Reunion,,,,https://rlesport.gg/downloads/player_pics/default_nologo.png,,,,,,,,
SSA-P-10292,Mercury,,,Matthew Keating,,07/11/2005,South Africa,,,,https://rlesport.gg/downloads/player_pics/default_nologo.png,,,,,,,,
SSA-P-10293,Striker,TTV Striker Flow,,Semih Oyar,,21/09/2004,Germany,,,,https://rlesport.gg/downloads/player_pics/default_nologo.png,,,,,,,,
SSA-P-10294,Falco,,,,,,South Africa,,,,https://rlesport.gg/downloads/player_pics/default_nologo.png,,,,,,,,
SSA-P-10295,MrDragon007,,,,,,,,,,https://rlesport.gg/downloads/player_pics/default_nologo.png,,,,,,,,
SSA-P-10296,OneTr1ck,,,,,,South Africa,,,,https://rlesport.gg/downloads/player_pics/default_nologo.png,,,,,,,,
SSA-P-10297,JeromeMoment,,,,,,,,,,https://rlesport.gg/downloads/player_pics/jerome.png,,,,,,,,
SSA-P-10298,Waarheid.,,,,,,,,,,,,,,,,,,
SSA-P-10299,Sully,S��lly.,,,,,,,,,,,,,,,,,
SSA-P-10300,Yab,Yab ��,,,,,,,,,,,,,,,,,
SSA-P-10301,Zan,,,,,,,,,,,,,,,,,,
SSA-P-10302,Zion,pacifista zion,,Ylan Techer,,7/4/2010,Reunion,,,,,,,,,,,,
SSA-P-10303,smshyy,smashyy__,,Talouba Ilhane ,,19/11/2008,France,twitch.tv/smshyy_,tiktok.com/@smshyy77,x.com/smshyy.,,,,,,,,,
SSA-P-10304,Clays!,orf��v,,Rajaonarivelo Taratra,,3/10/2012,Reunion,twitch.tv/claysrl,tiktok.com/@claysg7,x.com/claysg7,,,,,,,,,
SSA-P-10305,balbine9741,,,,,,Reunion,,,,,,,,,,,,
,,,,,,,,,,,,,,,,,,,
,,,,,,,,,,,,,,,,,,,
,,,,,,,,,,,,,,,,,,,
,,,,,,,,,,,,,,,,,,,
APAC-P-10001,Commutator,,,Shantanu Modak,,,Singapore,https://www.twitch.tv/archierl_,,,https://liquipedia.net/commons/images/8/85/Archie_RLCS_2026_Kickoff_Week_End_Michal_Konkol.jpg,,,,,,,,
APAC-P-10002,LCT,,,Louis Christian Thamrun,,18/08/2002,Indonesia,https://www.twitch.tv/atowwwww,https://www.tiktok.com/@kc_atow,,https://liquipedia.net/commons/images/5/53/Atow_RLCS_2026_Kick_Off_Weekend_Michal_Konkol.jpg,,,,,,,,
APAC-P-10003,Maxeew,,,Max Ng,,28/06/2003,Singapore,,,,https://liquipedia.net/commons/images/3/32/RLCS_World_Championship_2025_LAN_Stephanie_Lindgren_dralii.jpg,,,,,,,,
APAC-P-10004,ReaLize,,,Shogo Ikeyama,,03/05/2001,Japan,https://www.twitch.tv/ExoTiiKrl,,,https://liquipedia.net/commons/images/3/38/RLCS_2026_Kick_Off_Weekend_Exotiik.jpg,,,,,,,,
APAC-P-10005,sigms,,,Isaac Cooper,,11/09/1998,United States,,,,https://liquipedia.net/commons/images/3/35/RLCS_World_Championship_2025_LAN_Michal_Konkol_Joyo.jpg,,,,,,,,
APAC-P-10006,Tenhow,,,Tenhou Igushi,,20/09/2000,Japan,,,,https://liquipedia.net/commons/images/5/5d/Juicy_RLCS_2026_Kick-Off_Weekend_LAN.jpg,,,,,,,,
EU-P-10001,Archie,ARCHIE$,,Archie Pickthall,,11/03/2005,England,,,,https://liquipedia.net/commons/images/3/31/RLCS_World_Championship_2025_LAN_Michal_Konkol_M0nkey_M00n.jpg,,,,,,,,
EU-P-10002,Atow,Atow.,,Tristan Soyez,,22/02/2007,Belgium,,,,https://liquipedia.net/commons/images/f/f4/RLCS_Worlds_2024_LAN_Michal_Konkol_noly.jpg,,,,,,,,
EU-P-10003,dralii,,,Samy Hajji,,06/10/2007,Morocco,,,,https://liquipedia.net/commons/images/9/98/Oaly_RLCS_2026_Kickoff_Week_End_Michal_Konkol.jpg,,,,,,,,
EU-P-10004,ExoTiiK,,,Brice Bigeard,,31/10/2002,France,,,,https://liquipedia.net/commons/images/b/b7/Rise_RLCS_2026_Kickoff_Week_End_Michal_Konkol.jpg,,,,,,,,
EU-P-10005,Joyo,,,Joseph Young,,25/12/2005,England,,,,https://liquipedia.net/commons/images/e/e3/RLCS_Worlds_2023_LAN_Adela_Sznajder_Seikoo.jpg,,,,,,,,
EU-P-10006,juicy,,,Charles Sabiani,,05/03/2005,France,,,,https://liquipedia.net/commons/images/1/11/Vatira_RLCS_2026_Kick_Off_Weekend_Michal_Konkol.jpg,,,,,,,,
EU-P-10007,M0nkey M00n,,,Evan Rogez,,15/11/2002,France,,,,https://liquipedia.net/commons/images/b/b7/RLCS_Raleigh_Major_2025_LAN_Michal_Konkol_yujin.jpg,,,,,,,,
EU-P-10009,oaly,oaly.,,Ole van Doorn,,24/11/2003,Netherlands,,,,https://liquipedia.net/commons/images/3/38/RLCS_London_Major_2024_LAN_Michal_Konkol_Ahmad.jpg,,,,,,,,
EU-P-10010,rise,rise.,,Finlay Ferguson,,05/09/2004,England,,,,https://liquipedia.net/commons/images/c/c8/Esports_World_Cup_2024_RL_João_Ferreira_M7sN.jpg,,,,,,,,
EU-P-10011,Seikoo,,,Enzo Grondein,,07/06/2004,France,,,,https://liquipedia.net/commons/images/9/9b/Esports_World_Cup_2024_RL_João_Ferreira_Smw.jpg,,,,,,,,
EU-P-10012,vatira,vatira.,,Axel Touret,,14/05/2006,France,,,,https://liquipedia.net/commons/images/a/ac/RLCS_World_Championship_2025_LAN_Michal_Konkol_CHEESE.jpg,,,,,,,,
EU-P-10013,yujin,,,Liam Daillac,,27/11/2007,France,,,,https://liquipedia.net/commons/images/7/78/RLCS_Worlds_2024_LAN_Michal_Konkol_Chicago.jpg,,,,,,,,
EU-P-10014,ApparentlyJack,,,Jack Benton,,23/09/2003,England,,,,https://liquipedia.net/commons/images/5/5c/RLCS_London_Major_2024_LAN_Michal_Konkol_Comm.jpg,,,,,,,,
MENA-P-10001,Ahmad,,,Ahmad Abdullah,,18/11/2002,Saudi Arabia,,,,https://liquipedia.net/commons/images/1/15/RLCS_Worlds_2024_LAN_Michal_Konkol_hockser.jpg,,,,,,,,
MENA-P-10002,M7sn,,,Abdulmohsen Al-Khamis,,03/06/2005,Saudi Arabia,,,,https://liquipedia.net/commons/images/c/c4/RLCS_Worlds_2024_LAN_Michal_Konkol_JKnaps.jpg,,,,,,,,
MENA-P-10003,Smw,,,Osama Ahmed Al-Humaidan,,31/08/2004,Saudi Arabia,,,,https://liquipedia.net/commons/images/2/25/Kofyr_RLCS_2026_Kickoff_Week_End_Michal_Konkol.jpg,,,,,,,,
MENA-P-10004,Abdullah,,,Abdullah,,30/06/2008,Saudi Arabia,,,,https://liquipedia.net/commons/images/c/c4/Lj_RLCS_2026_Kickoff_Week_End_Michal_Konkol.jpg,,,,,,,,
MENA-P-10005,Ghaazi,,,Ghazi Al-Otaibi,,14/10/2005,Saudi Arabia,,,,https://liquipedia.net/commons/images/6/69/MaJicBear_RLCS_2026_Kickoff_Week_End_Michal_Konkol.jpg,,,,,,,,
MENA-P-10006,Twiz,,,Mohammed Zaid Al-Saeed,,09/02/2004,Saudi Arabia,,,,https://liquipedia.net/commons/images/4/47/RLCS_World_Championship_2025_LAN_Michal_Konkol_Retals.jpg,,,,,,,,
NA-P-10001,CHEESE.,,,Carlos Aguado,,15/06/2005,United States,,,,https://liquipedia.net/commons/images/0/03/Reveal_RLCS_2026_Kickoff_Week_End_Michal_Konkol.jpg,,,,,,,,
NA-P-10002,Chicago,,,Reed Wilen,,12/06/2001,United States,,,,https://liquipedia.net/commons/images/c/cc/RLCS_World_Championship_2025_LAN_Michal_Konkol_Scrzbbles.jpg,,,,,,,,
NA-P-10003,comm,,,Robert Kyser,,01/10/2003,United States,,,,https://liquipedia.net/commons/images/5/53/RLCS_World_Championship_2025_LAN_Michal_Konkol_Amphis.jpg,,,,,,,,
NA-P-10004,hockser,,,Colby James,,23/01/2002,United States,,,,https://liquipedia.net/commons/images/6/6b/RLCS_World_Championship_2025_LAN_Michal_Konkol_bananahead.jpg,,,,,,,,
NA-P-10005,JKnaps,,,Jacob Knapman,,30/09/1999,Canada,,,,https://liquipedia.net/commons/images/e/e4/RLCS_World_Championship_2025_LAN_Stephanie_Lindgren_Fever.jpg,,,,,,,,
NA-P-10006,kofyr,kxfyr,,Angel Lopez,,02/05/2007,United States,,,,https://liquipedia.net/commons/images/4/47/RLCS_World_Championship_2025_LAN_Michal_Konkol_kaka.jpg,,,,,,,,
NA-P-10007,Lj,,,Logan Wilt,,23/04/2005,United States,,,,https://liquipedia.net/commons/images/3/3b/RLCS_World_Championship_2025_LAN_Michal_Konkol_Superlachie.jpg,,,,,,,,
NA-P-10008,MaJicBear,,,Christopher Acevedo,,25/12/2004,United States,,,,https://liquipedia.net/commons/images/8/80/RLCS_Birmingham_Major_2025_LAN_Michal_Konkol_Torsos.jpg,,,,,,,,
NA-P-10009,retals,,,Slater Thomas,,02/01/2003,United States,,,,https://liquipedia.net/commons/images/5/57/RLCS_World_Championship_2025_LAN_Michal_Konkol_kv1.jpg,,,,,,,,
NA-P-10010,reveal,,,Jack LeDuc,,18/06/2007,United States,,,,https://liquipedia.net/commons/images/a/a7/RLCS_World_Championship_2025_LAN_Michal_Konkol_Motta.jpg,,,,,,,,
NA-P-10011,Scrzbbles,scribkep,,Zachary Stone,,05/11/2009,United States,,,,https://liquipedia.net/commons/images/a/ac/RLCS_Birmingham_Major_2025_LAN_Michal_Konkol_swiftt.jpg,,,,,,,,
NA-P-10012,noly,,,Joseph Kidd,,02/02/2002,England,,,,https://liquipedia.net/commons/images/2/26/RLCS_Worlds_2022_LAN_João_Ferreira_Commutator.jpg,,,,,,,,
NA-P-10012,ajg,,,Lautaro Francisco Gusinsky,,19/06/2004,Argentina,,,,https://liquipedia.net/commons/images/2/26/RLCS_Copenhagen_Major_2024_LAN_Adela_Sznajder_LCT.jpg,,,,,,,,
NA-P-10013,Atomic,,,Massimo Franceschi,,12/08/2003,United States,,,,https://liquipedia.net/commons/images/c/ce/RLCS_Worlds_2024_LAN_Rachel_Mathews_Maxeew.jpg,,,,,,,,
NA-P-10014,BeastMode,,,Landon Konerman,,03/08/2005,United States,,,,https://liquipedia.net/commons/images/f/f8/RLCS_Worlds_2023_LAN_Michal_Konkol_ReaLize.jpg,,,,,,,,
NA-P-10015,,,,,,,,,,,https://liquipedia.net/commons/images/a/a4/RLCS_Worlds_2022_LAN_João_Ferreira_Sigms.jpg,,,,,,,,
NA-P-10016,Chronic,,,Nick Iwanski,,05/09/2005,United States,,,,https://liquipedia.net/commons/images/7/79/RLCS_Worlds_2022_LAN_João_Ferreira_Tenhow.jpg,,,,,,,,
NA-P-10017,crr,,,Cristian Fernández Raigal,,05/09/2005,Spain,,,,https://liquipedia.net/commons/images/9/95/FIFAe_World_Cup_ajg.jpg,,,,,,,,
NA-P-10018,Daniel,,,Daniel Piecenski,,05/12/2006,United States,,,,https://liquipedia.net/commons/images/6/67/RLCS_Raleigh_Major_2025_LAN_Michal_Konkol_ApparentlyJack.jpg,,,,,,,,
NA-P-10019,Firstkiller,,,Jason Corral,,19/12/2004,United States,,,,https://liquipedia.net/commons/images/7/7a/RLCS_World_Championship_2025_LAN_Michal_Konkol_Abdullah.jpg,,,,,,,,
NA-P-10020,torment,,,Kyle Storer,,06/06/2000,United States,,,,https://liquipedia.net/commons/images/d/de/RLCS_World_Championship_2025_LAN_Michal_Konkol_Ghaazi.jpg,,,,,,,,
OCE-P-10001,Amphis,"PWR Amphis, KCP Amphis",,Luke Riddell,,21/07/2003,Australia,,,,https://liquipedia.net/commons/images/8/86/RLCS_Worlds_2022_LAN_João_Ferreira_Twiz.jpg,,,,,,,,
OCE-P-10002,bananahead,,,Jon Anastasakis,,23/01/2006,Australia,,,,https://liquipedia.net/commons/images/e/ec/RLCS_Raleigh_Major_2025_LAN_Michal_Konkol_Atomic.jpg,,,,,,,,
OCE-P-10003,Fever,"Fever, PWR Fever",,Lachlan Aitchison,,06/12/2004,Australia,,,,https://liquipedia.net/commons/images/4/4c/EWC25_RL_Viola_Schuldner_Beastmode.jpg,,,,,,,,
OCE-P-10004,kaka,,,Josh Watters,,19/11/2003,Australia,,,,,,,,,,,,
OCE-P-10005,Superlachie,"Superlachieeeee, KCP Superlachie",,Lachlan Gordon,,16/10/2005,Australia,,,,https://liquipedia.net/commons/images/c/cf/EWC25_RL_Viola_Schuldner_Chronic.jpg,,,,,,,,
OCE-P-10006,Torsos,PWR Torsos,,Daniel Parsons,,30/08/2000,Australia,,,,https://liquipedia.net/commons/images/3/36/Crr_RLCS_2026_Kickoff_Week_End_Michal_Konkol.jpg,,,,,,,,
OCE-P-10007,CJCJ,,,Cameron Johns,,06/08/1998,Australia,,,,https://liquipedia.net/commons/images/4/45/EWC25_RL_Viola_Schuldner_Daniel.jpg,,,,,,,,
OCE-P-10009,hntr,,,Hunter Tomeski,,14/08/2007,Australia,,,,https://liquipedia.net/commons/images/b/b8/FirstKiller_RLCS_2026_Kickoff_Week_End_Michal_Konkol.jpg,,,,,,,,
OCE-P-10010,Kamii,,,Cameron Ingram,,21/09/2000,Australia,,,,https://liquipedia.net/commons/images/9/91/FIFAe_World_Cup_torment.jpg,,,,,,,,
OCE-P-10011,Fibérr,KCP Fib��rr,,Ezequiel Aranda-Lovito,,18/03/2005,Australia,,,,https://liquipedia.net/commons/images/0/0a/RLCS_London_Major_2024_LAN_Michal_Konkol_CJCJ.jpg,,,,,,,,
OCE-P-10014,Scrub,,,Ethan Klumpp,,02/09/2005,Australia,,,,https://liquipedia.net/commons/images/2/27/Esports_World_Cup_2024_RL_David_Patlut_hntr.jpg,,,,,,,,
SAM-P-10001,kv1.exe,,,Danilo Michelini,,20/02/2006,Brazil,,,,https://liquipedia.net/commons/images/1/13/RLCS_Spring_Major_2022-23_LAN_Michal_Konkol_Kamii.jpg,,,,,,,,
SAM-P-10001,Aztromick,aztrom1ck,,Luiz Fellipe Lopes Gomes,,15/05/2004,Brazil,,,,https://liquipedia.net/commons/images/0/0d/RLCS_Birmingham_Major_2025_LAN_Michal_Konkol_Fibérr.jpg,,,,,,,,
SAM-P-10002,Motta,,,João Vitor Brito Motta,,11/10/2006,Brazil,,,,https://liquipedia.net/commons/images/c/cb/Gamers8_2023_Rocket_League_Luc_Bouchon_Scrub.jpg,,,,,,,,
SAM-P-10002,brad,,,Pedro Henrique Lima,,01/11/2004,Brazil,,,,https://liquipedia.net/commons/images/9/95/RLCS_Worlds_2022_LAN_Stephanie_Lindgren_AztromicK.jpg,,,,,,,,
SAM-P-10003,swiftt.,swiftt./,,Pedro Henrique Lewy Gomes,,15/08/2008,Brazil,,,,https://liquipedia.net/commons/images/1/16/RLCS_World_Championship_2025_LAN_Michal_Konkol_brad.jpg,,,,,,,,
SAM-P-10003,droppz,,,Guilherme Siqueira,,20/10/2003,Brazil,,,,https://liquipedia.net/commons/images/5/57/RLCS_Worlds_2023_LAN_Adela_Sznajder_droppz.jpg,,,,,,,,
SAM-P-10004,kv1,,,Danilo Michelini,,20/02/2006,Brazil,,,,https://liquipedia.net/commons/images/e/e5/RLCS_Raleigh_Major_2025_LAN_Michal_Konkol_kv1.jpg,,,,,,,,
SAM-P-10005,Lostt,,,Gabriel Souza Buzon,,29/03/2005,Brazil,,,,https://liquipedia.net/commons/images/9/96/RLCS_World_Championship_2025_LAN_Michal_Konkol_Lostt.jpg,,,,,,,,
SAM-P-10006,math,,,Matheus Gonçalves,,05/10/2002,Brazil,,,,https://liquipedia.net/commons/images/e/e6/RLCS_Worlds_2022_LAN_João_Ferreira_math.jpg,,,,,,,,
SAM-P-10007,nxghtt,,,Olímpio Torres,,04/07/2006,Brazil,,,,https://liquipedia.net/commons/images/4/46/Gamers8_2023_Rocket_League_Igor_Bezborodov_nxghtt.jpg,,,,,,,,
SAM-P-10008,Reysbull,,,Victor Duran Parra,,20/02/2004,Chile,,,,https://liquipedia.net/commons/images/1/1c/RLCS_World_Championship_2025_LAN_Michal_Konkol_Reysbull.jpg,,,,,,,,
SAM-P-10009,Sad,,,Roberto Lima de Souza,,08/09/2005,Brazil,,,,https://liquipedia.net/commons/images/e/e4/Gamers8_2023_Rocket_League_Igor_Bezborodov_Sad.jpg,,,,,,,,
OCE-P-10015,gus,,,,,,,,,,,,,,,,,,
EU-P-10015,Joreuz,,,,,,,,,,,,,,,,,,