series_id,match_id,game_number,season,split,regional,stage,round,team,player_name,unique_id,best_of,source_file
1b0b354cb75781742e02947c64f752d1,20230210-184549-2022-23-Winter-Cup-Groups-3-G1,1,2022-23,Winter,Cup,Groups,3,DIGITAL DEVILS,BigFoot���,SSA-P-10004,5,2022-23 Season Database - 22-23 Season.csv
1b0b354cb75781742e02947c64f752d1,20230210-184549-2022-23-Winter-Cup-Groups-3-G1,1,2022-23,Winter,Cup,Groups,3,DIGITAL DEVILS,ChristianW,SSA-P-10010,5,2022-23 Season Database - 22-23 Season.csv
1b0b354cb75781742e02947c64f752d1,20230210-184549-2022-23-Winter-Cup-Groups-3-G1,1,2022-23,Winter,Cup,Groups,3,DIGITAL DEVILS,Olympic.,SSA-P-10042,5,2022-23 Season Database - 22-23 Season.csv
1b0b354cb75781742e02947c64f752d1,20230210-184549-2022-23-Winter-Cup-Groups-3-G1,1,2022-23,Winter,Cup,Groups,3,FUZION ESPORT,DivDK,SSA-P-10093,5,2022-23 Season Database - 22-23 Season.csv
1b0b354cb75781742e02947c64f752d1,20230210-184549-2022-23-Winter-Cup-Groups-3-G1,1,2022-23,Winter,Cup,Groups,3,FUZION ESPORT,Haiko,SSA-P-10063,5,2022-23 Season Database - 22-23 Season.csv
1b0b354cb75781742e02947c64f752d1,20230210-184549-2022-23-Winter-Cup-Groups-3-G1,1,2022-23,Winter,Cup,Groups,3,FUZION ESPORT,Heatzy,SSA-P-10136,5,2022-23 Season Database - 22-23 Season.csv
1b0b354cb75781742e02947c64f752d1,20230210-185745-2022-23-Winter-Cup-Groups-3-G2,2,2022-23,Winter,Cup,Groups,3,DIGITAL DEVILS,BigFoot���,SSA-P-10004,5,2022-23 Season Database - 22-23 Season.csv
1b0b354cb75781742e02947c64f752d1,20230210-185745-2022-23-Winter-Cup-Groups-3-G2,2,2022-23,Winter,Cup,Groups,3,DIGITAL DEVILS,ChristianW,SSA-P-10010,5,2022-23 Season Database - 22-23 Season.csv
1b0b354cb75781742e02947c64f752d1,20230210-185745-2022-23-Winter-Cup-Groups-3-G2,2,2022-23,Winter,Cup,Groups,3,DIGITAL DEVILS,Olympic.,SSA-P-10042,5,2022-23 Season Database - 22-23 Season.csv
1b0b354cb75781742e02947c64f752d1,20230210-185745-2022-23-Winter-Cup-Groups-3-G2,2,2022-23,Winter,Cup,Groups,3,FUZION ESPORT,DivDK,SSA-P-10093,5,2022-23 Season Database - 22-23 Season.csv
1b0b354cb75781742e02947c64f752d1,20230210-185745-2022-23-Winter-Cup-Groups-3-G2,2,2022-23,Winter,Cup,Groups,3,FUZION ESPORT,Haiko,SSA-P-10063,5,2022-23 Season Database - 22-23 Season.csv
1b0b354cb75781742e02947c64f752d1,20230210-185745-2022-23-Winter-Cup-Groups-3-G2,2,2022-23,Winter,Cup,Groups,3,FUZION ESPORT,Heatzy,SSA-P-10136,5,2022-23 Season Database - 22-23 Season.csv
243e0170bc9e0b9134434959063cfbbd,20251128-171039-2026-Boston Major-Open 1-GSL-UQF-G1,1,2026,Boston Major,Open 1,GSL,UQF,ASTRONIC ESPORTS,Devour ���,SSA-P-10213,5,2026 Season Database - 2026 Boston Major.csv
243e0170bc9e0b9134434959063cfbbd,20251128-171039-2026-Boston Major-Open 1-GSL-UQF-G1,1,2026,Boston Major,Open 1,GSL,UQF,ASTRONIC ESPORTS,onizumaa,SSA-P-10246,5,2026 Season Database - 2026 Boston Major.csv
243e0170bc9e0b9134434959063cfbbd,20251128-171039-2026-Boston Major-Open 1-GSL-UQF-G1,1,2026,Boston Major,Open 1,GSL,UQF,ASTRONIC ESPORTS,skillsteal,SSA-P-10053,5,2026 Season Database - 2026 Boston Major.csv
243e0170bc9e0b9134434959063cfbbd,20251128-171039-2026-Boston Major-Open 1-GSL-UQF-G1,1,2026,Boston Major,Open 1,GSL,UQF,COSMICO ESPORTS,Jeff,SSA-P-10091,5,2026 Season Database - 2026 Boston Major.csv
243e0170bc9e0b9134434959063cfbbd,20251128-171039-2026-Boston Major-Open 1-GSL-UQF-G1,1,2026,Boston Major,Open 1,GSL,UQF,COSMICO ESPORTS,ravi��li.,SSA-P-10226,5,2026 Season Database - 2026 Boston Major.csv
243e0170bc9e0b9134434959063cfbbd,20251128-171039-2026-Boston Major-Open 1-GSL-UQF-G1,1,2026,Boston Major,Open 1,GSL,UQF,COSMICO ESPORTS,Stake,SSA-P-10279,5,2026 Season Database - 2026 Boston Major.csv
243e0170bc9e0b9134434959063cfbbd,20251128-171845-2026-Boston Major-Open 1-GSL-UQF-G3,3,2026,Boston Major,Open 1,GSL,UQF,ASTRONIC ESPORTS,Devour ���,SSA-P-10213,5,2026 Season Database - 2026 Boston Major.csv
243e0170bc9e0b9134434959063cfbbd,20251128-171845-2026-Boston Major-Open 1-GSL-UQF-G3,3,2026,Boston Major,Open 1,GSL,UQF,ASTRONIC ESPORTS,onizumaa,SSA-P-10246,5,2026 Season Database - 2026 Boston Major.csv
243e0170bc9e0b9134434959063cfbbd,20251128-171845-2026-Boston Major-Open 1-GSL-UQF-G3,3,2026,Boston Major,Open 1,GSL,UQF,ASTRONIC ESPORTS,skillsteal,SSA-P-10053,5,2026 Season Database - 2026 Boston Major.csv
243e0170bc9e0b9134434959063cfbbd,20251128-171845-2026-Boston Major-Open 1-GSL-UQF-G3,3,2026,Boston Major,Open 1,GSL,UQF,COSMICO ESPORTS,Jeff,SSA-P-10091,5,2026 Season Database - 2026 Boston Major.csv
243e0170bc9e0b9134434959063cfbbd,20251128-171845-2026-Boston Major-Open 1-GSL-UQF-G3,3,2026,Boston Major,Open 1,GSL,UQF,COSMICO ESPORTS,ravi��li.,SSA-P-10226,5,2026 Season Database - 2026 Boston Major.csv
243e0170bc9e0b9134434959063cfbbd,20251128-171845-2026-Boston Major-Open 1-GSL-UQF-G3,3,2026,Boston Major,Open 1,GSL,UQF,COSMICO ESPORTS,Stake,SSA-P-10279,5,2026 Season Database - 2026 Boston Major.csv
243e0170bc9e0b9134434959063cfbbd,20251128-172541-2026-Boston Major-Open 1-GSL-UQF-G1,1,2026,Boston Major,Open 1,GSL,UQF,ASTRONIC ESPORTS,Devour ���,SSA-P-10213,5,2026 Season Database - 2026 Boston Major.csv
243e0170bc9e0b9134434959063cfbbd,20251128-172541-2026-Boston Major-Open 1-GSL-UQF-G1,1,2026,Boston Major,Open 1,GSL,UQF,ASTRONIC ESPORTS,onizumaa,SSA-P-10246,5,2026 Season Database - 2026 Boston Major.csv
243e0170bc9e0b9134434959063cfbbd,20251128-172541-2026-Boston Major-Open 1-GSL-UQF-G1,1,2026,Boston Major,Open 1,GSL,UQF,ASTRONIC ESPORTS,skillsteal,SSA-P-10053,5,2026 Season Database - 2026 Boston Major.csv
243e0170bc9e0b9134434959063cfbbd,20251128-172541-2026-Boston Major-Open 1-GSL-UQF-G1,1,2026,Boston Major,Open 1,GSL,UQF,COSMICO ESPORTS,Jeff,SSA-P-10091,5,2026 Season Database - 2026 Boston Major.csv
243e0170bc9e0b9134434959063cfbbd,20251128-172541-2026-Boston Major-Open 1-GSL-UQF-G1,1,2026,Boston Major,Open 1,GSL,UQF,COSMICO ESPORTS,ravi��li.,SSA-P-10226,5,2026 Season Database - 2026 Boston Major.csv
243e0170bc9e0b9134434959063cfbbd,20251128-172541-2026-Boston Major-Open 1-GSL-UQF-G1,1,2026,Boston Major,Open 1,GSL,UQF,COSMICO ESPORTS,Stake,SSA-P-10279,5,2026 Season Database - 2026 Boston Major.csv
268782dada05553328229910c794dd98,20250117-152652-2025-Birmingham Major-Open 1-GSL-UQF-G2,2,2025,Birmingham Major,Open 1,GSL,UQF,2 1S MAINS 1 HALDEN,Calzafy,SSA-P-10209,5,2025 Season Database - 2025 Birmingham Major.csv
268782dada05553328229910c794dd98,20250117-152652-2025-Birmingham Major-Open 1-GSL-UQF-G2,2,2025,Birmingham Major,Open 1,GSL,UQF,2 1S MAINS 1 HALDEN,Halden,SSA-P-10214,5,2025 Season Database - 2025 Birmingham Major.csv
268782dada05553328229910c794dd98,20250117-152652-2025-Birmingham Major-Open 1-GSL-UQF-G2,2,2025,Birmingham Major,Open 1,GSL,UQF,2 1S MAINS 1 HALDEN,Khiernan,SSA-P-10218,5,2025 Season Database - 2025 Birmingham Major.csv
268782dada05553328229910c794dd98,20250117-152652-2025-Birmingham Major-Open 1-GSL-UQF-G2,2,2025,Birmingham Major,Open 1,GSL,UQF,MAESTROS DEL ESFERICO,Leoro,SSA-P-10191,5,2025 Season Database - 2025 Birmingham Major.csv
268782dada05553328229910c794dd98,20250117-152652-2025-Birmingham Major-Open 1-GSL-UQF-G2,2,2025,Birmingham Major,Open 1,GSL,UQF,MAESTROS DEL ESFERICO,TORRES8232,SSA-P-10192,5,2025 Season Database - 2025 Birmingham Major.csv
268782dada05553328229910c794dd98,20250117-152652-2025-Birmingham Major-Open 1-GSL-UQF-G2,2,2025,Birmingham Major,Open 1,GSL,UQF,MAESTROS DEL ESFERICO,VKSailen,SSA-P-10193,5,2025 Season Database - 2025 Birmingham Major.csv
268782dada05553328229910c794dd98,20250117-171923-2025-Birmingham Major-Open 1-GSL-UQF-G3,3,2025,Birmingham Major,Open 1,GSL,UQF,2 1S MAINS 1 HALDEN,Calzafy,SSA-P-10209,5,2025 Season Database - 2025 Birmingham Major.csv
268782dada05553328229910c794dd98,20250117-171923-2025-Birmingham Major-Open 1-GSL-UQF-G3,3,2025,Birmingham Major,Open 1,GSL,UQF,2 1S MAINS 1 HALDEN,Halden,SSA-P-10214,5,2025 Season Database - 2025 Birmingham Major.csv
268782dada05553328229910c794dd98,20250117-171923-2025-Birmingham Major-Open 1-GSL-UQF-G3,3,2025,Birmingham Major,Open 1,GSL,UQF,2 1S MAINS 1 HALDEN,Khiernan,SSA-P-10218,5,2025 Season Database - 2025 Birmingham Major.csv
268782dada05553328229910c794dd98,20250117-171923-2025-Birmingham Major-Open 1-GSL-UQF-G3,3,2025,Birmingham Major,Open 1,GSL,UQF,MAESTROS DEL ESFERICO,Leoro,SSA-P-10191,5,2025 Season Database - 2025 Birmingham Major.csv
268782dada05553328229910c794dd98,20250117-171923-2025-Birmingham Major-Open 1-GSL-UQF-G3,3,2025,Birmingham Major,Open 1,GSL,UQF,MAESTROS DEL ESFERICO,TORRES8232,SSA-P-10192,5,2025 Season Database - 2025 Birmingham Major.csv
268782dada05553328229910c794dd98,20250117-171923-2025-Birmingham Major-Open 1-GSL-UQF-G3,3,2025,Birmingham Major,Open 1,GSL,UQF,MAESTROS DEL ESFERICO,VKSailen,SSA-P-10193,5,2025 Season Database - 2025 Birmingham Major.csv
28e2cf7852d2c03f3f8b1c071ec0d540,20230210-175036-2022-23-Winter-Cup-Groups-2-G1,1,2022-23,Winter,Cup,Groups,2,ORLANDO PIRATES,EliakimZA,SSA-P-10019,5,2022-23 Season Database - 22-23 Season.csv
28e2cf7852d2c03f3f8b1c071ec0d540,20230210-175036-2022-23-Winter-Cup-Groups-2-G1,1,2022-23,Winter,Cup,Groups,2,ORLANDO PIRATES,Happymeal,SSA-P-10025,5,2022-23 Season Database - 22-23 Season.csv
28e2cf7852d2c03f3f8b1c071ec0d540,20230210-175036-2022-23-Winter-Cup-Groups-2-G1,1,2022-23,Winter,Cup,Groups,2,ORLANDO PIRATES,kamz,SSA-P-10031,5,2022-23 Season Database - 22-23 Season.csv
28e2cf7852d2c03f3f8b1c071ec0d540,20230210-175036-2022-23-Winter-Cup-Groups-2-G1,1,2022-23,Winter,Cup,Groups,2,TEAM FUSION,5bs.,SSA-P-10067,5,2022-23 Season Database - 22-23 Season.csv
28e2cf7852d2c03f3f8b1c071ec0d540,20230210-175036-2022-23-Winter-Cup-Groups-2-G1,1,2022-23,Winter,Cup,Groups,2,TEAM FUSION,boy974s,SSA-P-10068,5,2022-23 Season Database - 22-23 Season.csv
28e2cf7852d2c03f3f8b1c071ec0d540,20230210-175036-2022-23-Winter-Cup-Groups-2-G1,1,2022-23,Winter,Cup,Groups,2,TEAM FUSION,D3Funct,SSA-P-10013,5,2022-23 Season Database - 22-23 Season.csv
28e2cf7852d2c03f3f8b1c071ec0d540,20230210-180535-2022-23-Winter-Cup-Groups-2-G2,2,2022-23,Winter,Cup,Groups,2,ORLANDO PIRATES,EliakimZA,SSA-P-10019,5,2022-23 Season Database - 22-23 Season.csv
28e2cf7852d2c03f3f8b1c071ec0d540,20230210-180535-2022-23-Winter-Cup-Groups-2-G2,2,2022-23,Winter,Cup,Groups,2,ORLANDO PIRATES,Happymeal,SSA-P-10025,5,2022-23 Season Database - 22-23 Season.csv
28e2cf7852d2c03f3f8b1c071ec0d540,20230210-180535-2022-23-Winter-Cup-Groups-2-G2,2,2022-23,Winter,Cup,Groups,2,ORLANDO PIRATES,kamz,SSA-P-10031,5,2022-23 Season Database - 22-23 Season.csv
28e2cf7852d2c03f3f8b1c071ec0d540,20230210-180535-2022-23-Winter-Cup-Groups-2-G2,2,2022-23,Winter,Cup,Groups,2,TEAM FUSION,5bs.,SSA-P-10067,5,2022-23 Season Database - 22-23 Season.csv
28e2cf7852d2c03f3f8b1c071ec0d540,20230210-180535-2022-23-Winter-Cup-Groups-2-G2,2,2022-23,Winter,Cup,Groups,2,TEAM FUSION,boy974s,SSA-P-10068,5,2022-23 Season Database - 22-23 Season.csv
28e2cf7852d2c03f3f8b1c071ec0d540,20230210-180535-2022-23-Winter-Cup-Groups-2-G2,2,2022-23,Winter,Cup,Groups,2,TEAM FUSION,D3Funct,SSA-P-10013,5,2022-23 Season Database - 22-23 Season.csv
342a80a9b6593c7b7b3e60ab00cabee8,20220122-170938-2021-22-Winter-Regional Event 1-Playoffs-LR1-G1,1,2021-22,Winter,Regional Event 1,Playoffs,LR1,AIPX GAMING,ChristianW,SSA-P-10010,5,2021-22 Season Database - 2021-22 Season (1).csv
342a80a9b6593c7b7b3e60ab00cabee8,20220122-170938-2021-22-Winter-Regional Event 1-Playoffs-LR1-G1,1,2021-22,Winter,Regional Event 1,Playoffs,LR1,AIPX GAMING,Friction,SSA-P-10022,5,2021-22 Season Database - 2021-22 Season (1).csv
342a80a9b6593c7b7b3e60ab00cabee8,20220122-170938-2021-22-Winter-Regional Event 1-Playoffs-LR1-G1,1,2021-22,Winter,Regional Event 1,Playoffs,LR1,AIPX GAMING,lackstar.,SSA-P-10034,5,2021-22 Season Database - 2021-22 Season (1).csv
342a80a9b6593c7b7b3e60ab00cabee8,20220122-170938-2021-22-Winter-Regional Event 1-Playoffs-LR1-G1,1,2021-22,Winter,Regional Event 1,Playoffs,LR1,ROYALTY ESPORTS,EliakimZA,SSA-P-10019,5,2021-22 Season Database - 2021-22 Season (1).csv
342a80a9b6593c7b7b3e60ab00cabee8,20220122-170938-2021-22-Winter-Regional Event 1-Playoffs-LR1-G1,1,2021-22,Winter,Regional Event 1,Playoffs,LR1,ROYALTY ESPORTS,Yujn.,SSA-P-10065,5,2021-22 Season Database - 2021-22 Season (1).csv
342a80a9b6593c7b7b3e60ab00cabee8,20220122-170938-2021-22-Winter-Regional Event 1-Playoffs-LR1-G1,1,2021-22,Winter,Regional Event 1,Playoffs,LR1,ROYALTY ESPORTS,Zero,SSA-P-10066,5,2021-22 Season Database - 2021-22 Season (1).csv
3f9bbd6349c4b463a475d982a9461a02,20230224-182415-2022-23-Winter-Invitational-Groups-2-G1,1,2022-23,Winter,Invitational,Groups,2,DIGITAL DEVILS,BigFoot���,SSA-P-10004,5,2022-23 Season Database - 22-23 Season.csv
3f9bbd6349c4b463a475d982a9461a02,20230224-182415-2022-23-Winter-Invitational-Groups-2-G1,1,2022-23,Winter,Invitational,Groups,2,DIGITAL DEVILS,Olympic.,SSA-P-10042,5,2022-23 Season Database - 22-23 Season.csv
3f9bbd6349c4b463a475d982a9461a02,20230224-182415-2022-23-Winter-Invitational-Groups-2-G1,1,2022-23,Winter,Invitational,Groups,2,DIGITAL DEVILS,Syfohn.,SSA-P-10108,5,2022-23 Season Database - 22-23 Season.csv
3f9bbd6349c4b463a475d982a9461a02,20230224-182415-2022-23-Winter-Invitational-Groups-2-G1,1,2022-23,Winter,Invitational,Groups,2,NIXUH,arceonxnz,SSA-P-10002,5,2022-23 Season Database - 22-23 Season.csv
3f9bbd6349c4b463a475d982a9461a02,20230224-182415-2022-23-Winter-Invitational-Groups-2-G1,1,2022-23,Winter,Invitational,Groups,2,NIXUH,"Lowkaku, Mr.Low",SSA-P-10039,5,2022-23 Season Database - 22-23 Season.csv
3f9bbd6349c4b463a475d982a9461a02,20230224-182415-2022-23-Winter-Invitational-Groups-2-G1,1,2022-23,Winter,Invitational,Groups,2,NIXUH,SkillSteal,SSA-P-10053,5,2022-23 Season Database - 22-23 Season.csv
3f9bbd6349c4b463a475d982a9461a02,20230224-183149-2022-23-Winter-Invitational-Groups-2-G2,2,2022-23,Winter,Invitational,Groups,2,DIGITAL DEVILS,BigFoot���,SSA-P-10004,5,2022-23 Season Database - 22-23 Season.csv
3f9bbd6349c4b463a475d982a9461a02,20230224-183149-2022-23-Winter-Invitational-Groups-2-G2,2,2022-23,Winter,Invitational,Groups,2,DIGITAL DEVILS,Olympic.,SSA-P-10042,5,2022-23 Season Database - 22-23 Season.csv
3f9bbd6349c4b463a475d982a9461a02,20230224-183149-2022-23-Winter-Invitational-Groups-2-G2,2,2022-23,Winter,Invitational,Groups,2,DIGITAL DEVILS,Syfohn.,SSA-P-10108,5,2022-23 Season Database - 22-23 Season.csv
3f9bbd6349c4b463a475d982a9461a02,20230224-183149-2022-23-Winter-Invitational-Groups-2-G2,2,2022-23,Winter,Invitational,Groups,2,NIXUH,arceonxnz,SSA-P-10002,5,2022-23 Season Database - 22-23 Season.csv
3f9bbd6349c4b463a475d982a9461a02,20230224-183149-2022-23-Winter-Invitational-Groups-2-G2,2,2022-23,Winter,Invitational,Groups,2,NIXUH,"Lowkaku, Mr.Low",SSA-P-10039,5,2022-23 Season Database - 22-23 Season.csv
3f9bbd6349c4b463a475d982a9461a02,20230224-183149-2022-23-Winter-Invitational-Groups-2-G2,2,2022-23,Winter,Invitational,Groups,2,NIXUH,SkillSteal,SSA-P-10053,5,2022-23 Season Database - 22-23 Season.csv
4ac37e7ef597fb22811df6336d2c677d,20240303-190619-2024-Major 1-Open Qualifier 3-Playoffs-SF-G1,1,2024,Major 1,Open Qualifier 3,Playoffs,SF,ASTRONIC ESPORTS,Anyeelo.,SSA-P-10142,7,2024 Season Database - 2024 Major 1.csv
4ac37e7ef597fb22811df6336d2c677d,20240303-190619-2024-Major 1-Open Qualifier 3-Playoffs-SF-G1,1,2024,Major 1,Open Qualifier 3,Playoffs,SF,ASTRONIC ESPORTS,atR Mario.,SSA-P-10143,7,2024 Season Database - 2024 Major 1.csv
4ac37e7ef597fb22811df6336d2c677d,20240303-190619-2024-Major 1-Open Qualifier 3-Playoffs-SF-G1,1,2024,Major 1,Open Qualifier 3,Playoffs,SF,ASTRONIC ESPORTS,Bairechuu,SSA-P-10144,7,2024 Season Database - 2024 Major 1.csv
4ac37e7ef597fb22811df6336d2c677d,20240303-190619-2024-Major 1-Open Qualifier 3-Playoffs-SF-G1,1,2024,Major 1,Open Qualifier 3,Playoffs,SF,LIMITLESS,"smoothoperator, 2Die4",SSA-P-10001,7,2024 Season Database - 2024 Major 1.csv
4ac37e7ef597fb22811df6336d2c677d,20240303-190619-2024-Major 1-Open Qualifier 3-Playoffs-SF-G1,1,2024,Major 1,Open Qualifier 3,Playoffs,SF,LIMITLESS,Snowyy,SSA-P-10054,7,2024 Season Database - 2024 Major 1.csv
4ac37e7ef597fb22811df6336d2c677d,20240303-190619-2024-Major 1-Open Qualifier 3-Playoffs-SF-G1,1,2024,Major 1,Open Qualifier 3,Playoffs,SF,LIMITLESS,Sweaty,SSA-P-10056,7,2024 Season Database - 2024 Major 1.csv
653d85a9eac15c2217ffd9b9a2356321,20220506-181610-2021-22-Spring-Regional Event 1-Double Elim-UQF-G2,2,2021-22,Spring,Regional Event 1,Double Elim,UQF,DIGITAL DEVILS,Auriginal,SSA-P-10003,5,2021-22 Season Database - 2021-22 Season (1).csv
653d85a9eac15c2217ffd9b9a2356321,20220506-181610-2021-22-Spring-Regional Event 1-Double Elim-UQF-G2,2,2021-22,Spring,Regional Event 1,Double Elim,UQF,DIGITAL DEVILS,EliakimZA,SSA-P-10019,5,2021-22 Season Database - 2021-22 Season (1).csv
653d85a9eac15c2217ffd9b9a2356321,20220506-181610-2021-22-Spring-Regional Event 1-Double Elim-UQF-G2,2,2021-22,Spring,Regional Event 1,Double Elim,UQF,DIGITAL DEVILS,Yujn.,SSA-P-10065,5,2021-22 Season Database - 2021-22 Season (1).csv
653d85a9eac15c2217ffd9b9a2356321,20220506-181610-2021-22-Spring-Regional Event 1-Double Elim-UQF-G2,2,2021-22,Spring,Regional Event 1,Double Elim,UQF,ICE ESPORTS,5bs,SSA-P-10067,5,2021-22 Season Database - 2021-22 Season (1).csv
653d85a9eac15c2217ffd9b9a2356321,20220506-181610-2021-22-Spring-Regional Event 1-Double Elim-UQF-G2,2,2021-22,Spring,Regional Event 1,Double Elim,UQF,ICE ESPORTS,boy974s,SSA-P-10068,5,2021-22 Season Database - 2021-22 Season (1).csv
653d85a9eac15c2217ffd9b9a2356321,20220506-181610-2021-22-Spring-Regional Event 1-Double Elim-UQF-G2,2,2021-22,Spring,Regional Event 1,Double Elim,UQF,ICE ESPORTS,Wiiilooo,SSA-P-10069,5,2021-22 Season Database - 2021-22 Season (1).csv
653d85a9eac15c2217ffd9b9a2356321,20220506-182408-2021-22-Spring-Regional Event 1-Double Elim-UQF-G3,3,2021-22,Spring,Regional Event 1,Double Elim,UQF,DIGITAL DEVILS,Auriginal,SSA-P-10003,5,2021-22 Season Database - 2021-22 Season (1).csv
653d85a9eac15c2217ffd9b9a2356321,20220506-182408-2021-22-Spring-Regional Event 1-Double Elim-UQF-G3,3,2021-22,Spring,Regional Event 1,Double Elim,UQF,DIGITAL DEVILS,EliakimZA,SSA-P-10019,5,2021-22 Season Database - 2021-22 Season (1).csv
653d85a9eac15c2217ffd9b9a2356321,20220506-182408-2021-22-Spring-Regional Event 1-Double Elim-UQF-G3,3,2021-22,Spring,Regional Event 1,Double Elim,UQF,DIGITAL DEVILS,Yujn.,SSA-P-10065,5,2021-22 Season Database - 2021-22 Season (1).csv
653d85a9eac15c2217ffd9b9a2356321,20220506-182408-2021-22-Spring-Regional Event 1-Double Elim-UQF-G3,3,2021-22,Spring,Regional Event 1,Double Elim,UQF,ICE ESPORTS,5bs,SSA-P-10067,5,2021-22 Season Database - 2021-22 Season (1).csv
653d85a9eac15c2217ffd9b9a2356321,20220506-182408-2021-22-Spring-Regional Event 1-Double Elim-UQF-G3,3,2021-22,Spring,Regional Event 1,Double Elim,UQF,ICE ESPORTS,boy974s,SSA-P-10068,5,2021-22 Season Database - 2021-22 Season (1).csv
653d85a9eac15c2217ffd9b9a2356321,20220506-182408-2021-22-Spring-Regional Event 1-Double Elim-UQF-G3,3,2021-22,Spring,Regional Event 1,Double Elim,UQF,ICE ESPORTS,Wiiilooo,SSA-P-10069,5,2021-22 Season Database - 2021-22 Season (1).csv
6854c8abbf732206934185f4b5aec2ea,20211126-180537-2021-22-Fall -Regional Event 3-Swiss-2-G2,2,2021-22,Fall,Regional Event 3,Swiss,2,AUFBAU,grape,SSA-P-10023,5,2021-22 Season Database - 2021-22 Season (1).csv
6854c8abbf732206934185f4b5aec2ea,20211126-180537-2021-22-Fall -Regional Event 3-Swiss-2-G2,2,2021-22,Fall,Regional Event 3,Swiss,2,AUFBAU,Jerome in da bath,SSA-P-10026,5,2021-22 Season Database - 2021-22 Season (1).csv
6854c8abbf732206934185f4b5aec2ea,20211126-180537-2021-22-Fall -Regional Event 3-Swiss-2-G2,2,2021-22,Fall,Regional Event 3,Swiss,2,AUFBAU,Ram RanchYT,SSA-P-10045,5,2021-22 Season Database - 2021-22 Season (1).csv
6854c8abbf732206934185f4b5aec2ea,20211126-180537-2021-22-Fall -Regional Event 3-Swiss-2-G2,2,2021-22,Fall,Regional Event 3,Swiss,2,DIGITAL DEVILS,Auriginal,SSA-P-10003,5,2021-22 Season Database - 2021-22 Season (1).csv
6854c8abbf732206934185f4b5aec2ea,20211126-180537-2021-22-Fall -Regional Event 3-Swiss-2-G2,2,2021-22,Fall,Regional Event 3,Swiss,2,DIGITAL DEVILS,Yujn.,SSA-P-10065,5,2021-22 Season Database - 2021-22 Season (1).csv
6854c8abbf732206934185f4b5aec2ea,20211126-180537-2021-22-Fall -Regional Event 3-Swiss-2-G2,2,2021-22,Fall,Regional Event 3,Swiss,2,DIGITAL DEVILS,Zero,SSA-P-10066,5,2021-22 Season Database - 2021-22 Season (1).csv
6854c8abbf732206934185f4b5aec2ea,20211126-181336-2021-22-Fall -Regional Event 3-Swiss-2-G3,3,2021-22,Fall,Regional Event 3,Swiss,2,AUFBAU,grape,SSA-P-10023,5,2021-22 Season Database - 2021-22 Season (1).csv
6854c8abbf732206934185f4b5aec2ea,20211126-181336-2021-22-Fall -Regional Event 3-Swiss-2-G3,3,2021-22,Fall,Regional Event 3,Swiss,2,AUFBAU,Jerome in da bath,SSA-P-10026,5,2021-22 Season Database - 2021-22 Season (1).csv
6854c8abbf732206934185f4b5aec2ea,20211126-181336-2021-22-Fall -Regional Event 3-Swiss-2-G3,3,2021-22,Fall,Regional Event 3,Swiss,2,AUFBAU,Ram RanchYT,SSA-P-10045,5,2021-22 Season Database - 2021-22 Season (1).csv
6854c8abbf732206934185f4b5aec2ea,20211126-181336-2021-22-Fall -Regional Event 3-Swiss-2-G3,3,2021-22,Fall,Regional Event 3,Swiss,2,DIGITAL DEVILS,Auriginal,SSA-P-10003,5,2021-22 Season Database - 2021-22 Season (1).csv
6854c8abbf732206934185f4b5aec2ea,20211126-181336-2021-22-Fall -Regional Event 3-Swiss-2-G3,3,2021-22,Fall,Regional Event 3,Swiss,2,DIGITAL DEVILS,Yujn.,SSA-P-10065,5,2021-22 Season Database - 2021-22 Season (1).csv
6854c8abbf732206934185f4b5aec2ea,20211126-181336-2021-22-Fall -Regional Event 3-Swiss-2-G3,3,2021-22,Fall,Regional Event 3,Swiss,2,DIGITAL DEVILS,Zero,SSA-P-10066,5,2021-22 Season Database - 2021-22 Season (1).csv
688f646e9c13457d6a79c5f85a384520,20240218-185619-2024-Major 1-Open Qualifier 2-Playoffs-SF-G1,1,2024,Major 1,Open Qualifier 2,Playoffs,SF,LIMITLESS,2Die4,SSA-P-10001,7,2024 Season Database - 2024 Major 1.csv
688f646e9c13457d6a79c5f85a384520,20240218-185619-2024-Major 1-Open Qualifier 2-Playoffs-SF-G1,1,2024,Major 1,Open Qualifier 2,Playoffs,SF,LIMITLESS,Snowyy,SSA-P-10054,7,2024 Season Database - 2024 Major 1.csv
688f646e9c13457d6a79c5f85a384520,20240218-185619-2024-Major 1-Open Qualifier 2-Playoffs-SF-G1,1,2024,Major 1,Open Qualifier 2,Playoffs,SF,LIMITLESS,Sweaty,SSA-P-10056,7,2024 Season Database - 2024 Major 1.csv
688f646e9c13457d6a79c5f85a384520,20240218-185619-2024-Major 1-Open Qualifier 2-Playoffs-SF-G1,1,2024,Major 1,Open Qualifier 2,Playoffs,SF,YOUNG MONEY CLAN,Little MOTION,SSA-P-10154,7,2024 Season Database - 2024 Major 1.csv
688f646e9c13457d6a79c5f85a384520,20240218-185619-2024-Major 1-Open Qualifier 2-Playoffs-SF-G1,1,2024,Major 1,Open Qualifier 2,Playoffs,SF,YOUNG MONEY CLAN,Nuqqet,SSA-P-10157,7,2024 Season Database - 2024 Major 1.csv
688f646e9c13457d6a79c5f85a384520,20240218-185619-2024-Major 1-Open Qualifier 2-Playoffs-SF-G1,1,2024,Major 1,Open Qualifier 2,Playoffs,SF,YOUNG MONEY CLAN,reeho!,SSA-P-10162,7,2024 Season Database - 2024 Major 1.csv
6c9afee974c1e4d186a20c2ca91e4f16,20250117-161128-2025-Birmingham Major-Open 1-GSL-LQF-G3,3,2025,Birmingham Major,Open 1,GSL,LQF,CHOCCARANILLA,N1TR��.,SSA-P-10124,5,2025 Season Database - 2025 Birmingham Major.csv
6c9afee974c1e4d186a20c2ca91e4f16,20250117-161128-2025-Birmingham Major-Open 1-GSL-LQF-G3,3,2025,Birmingham Major,Open 1,GSL,LQF,CHOCCARANILLA,Tristiano Swartznaldo,SSA-P-10072,5,2025 Season Database - 2025 Birmingham Major.csv
6c9afee974c1e4d186a20c2ca91e4f16,20250117-161128-2025-Birmingham Major-Open 1-GSL-LQF-G3,3,2025,Birmingham Major,Open 1,GSL,LQF,CHOCCARANILLA,xyro,SSA-P-10122,5,2025 Season Database - 2025 Birmingham Major.csv
6c9afee974c1e4d186a20c2ca91e4f16,20250117-161128-2025-Birmingham Major-Open 1-GSL-LQF-G3,3,2025,Birmingham Major,Open 1,GSL,LQF,DECIMATE GAMING,staar,SSA-P-10227,5,2025 Season Database - 2025 Birmingham Major.csv
6c9afee974c1e4d186a20c2ca91e4f16,20250117-161128-2025-Birmingham Major-Open 1-GSL-LQF-G3,3,2025,Birmingham Major,Open 1,GSL,LQF,DECIMATE GAMING,Wiiilooo,SSA-P-10069,5,2025 Season Database - 2025 Birmingham Major.csv
6c9afee974c1e4d186a20c2ca91e4f16,20250117-161128-2025-Birmingham Major-Open 1-GSL-LQF-G3,3,2025,Birmingham Major,Open 1,GSL,LQF,DECIMATE GAMING,Zany,SSA-P-10164,5,2025 Season Database - 2025 Birmingham Major.csv
72c83465854428860c19b0e5f2e35023,20211126-175840-2021-22-Fall -Regional Event 3-Swiss-4-G1,1,2021-22,Fall,Regional Event 3,Swiss,4,AUFBAU,grape,SSA-P-10023,5,2021-22 Season Database - 2021-22 Season (1).csv
72c83465854428860c19b0e5f2e35023,20211126-175840-2021-22-Fall -Regional Event 3-Swiss-4-G1,1,2021-22,Fall,Regional Event 3,Swiss,4,AUFBAU,Jerome in da bath,SSA-P-10026,5,2021-22 Season Database - 2021-22 Season (1).csv
72c83465854428860c19b0e5f2e35023,20211126-175840-2021-22-Fall -Regional Event 3-Swiss-4-G1,1,2021-22,Fall,Regional Event 3,Swiss,4,AUFBAU,Ram RanchYT,SSA-P-10045,5,2021-22 Season Database - 2021-22 Season (1).csv
72c83465854428860c19b0e5f2e35023,20211126-175840-2021-22-Fall -Regional Event 3-Swiss-4-G1,1,2021-22,Fall,Regional Event 3,Swiss,4,DAPPER DOGS,Auriginal,SSA-P-10003,5,2021-22 Season Database - 2021-22 Season (1).csv
72c83465854428860c19b0e5f2e35023,20211126-175840-2021-22-Fall -Regional Event 3-Swiss-4-G1,1,2021-22,Fall,Regional Event 3,Swiss,4,DAPPER DOGS,Yujn.,SSA-P-10065,5,2021-22 Season Database - 2021-22 Season (1).csv
72c83465854428860c19b0e5f2e35023,20211126-175840-2021-22-Fall -Regional Event 3-Swiss-4-G1,1,2021-22,Fall,Regional Event 3,Swiss,4,DAPPER DOGS,Zero,SSA-P-10066,5,2021-22 Season Database - 2021-22 Season (1).csv
7806b535b5ab0b9e2525a204a4509274,20250228-200431-2025-Birmingham Major-Open 3-GSL-LF-G1,1,2025,Birmingham Major,Open 3,GSL,LF,BALL EATER,Mira,SSA-P-10220,5,2025 Season Database - 2025 Birmingham Major.csv
7806b535b5ab0b9e2525a204a4509274,20250228-200431-2025-Birmingham Major-Open 3-GSL-LF-G1,1,2025,Birmingham Major,Open 3,GSL,LF,BALL EATER,Qtipz,SSA-P-10222,5,2025 Season Database - 2025 Birmingham Major.csv
7806b535b5ab0b9e2525a204a4509274,20250228-200431-2025-Birmingham Major-Open 3-GSL-LF-G1,1,2025,Birmingham Major,Open 3,GSL,LF,BALL EATER,Tjester,SSA-P-10229,5,2025 Season Database - 2025 Birmingham Major.csv
7806b535b5ab0b9e2525a204a4509274,20250228-200431-2025-Birmingham Major-Open 3-GSL-LF-G1,1,2025,Birmingham Major,Open 3,GSL,LF,LIMITLESS,2Die4,SSA-P-10001,5,2025 Season Database - 2025 Birmingham Major.csv
7806b535b5ab0b9e2525a204a4509274,20250228-200431-2025-Birmingham Major-Open 3-GSL-LF-G1,1,2025,Birmingham Major,Open 3,GSL,LF,LIMITLESS,Snowyy,SSA-P-10054,5,2025 Season Database - 2025 Birmingham Major.csv
7806b535b5ab0b9e2525a204a4509274,20250228-200431-2025-Birmingham Major-Open 3-GSL-LF-G1,1,2025,Birmingham Major,Open 3,GSL,LF,LIMITLESS,Sweaty,SSA-P-10056,5,2025 Season Database - 2025 Birmingham Major.csv
7806b535b5ab0b9e2525a204a4509274,20250228-201212-2025-Birmingham Major-Open 3-GSL-LF-G2,2,2025,Birmingham Major,Open 3,GSL,LF,BALL EATER,Mira,SSA-P-10220,5,2025 Season Database - 2025 Birmingham Major.csv
7806b535b5ab0b9e2525a204a4509274,20250228-201212-2025-Birmingham Major-Open 3-GSL-LF-G2,2,2025,Birmingham Major,Open 3,GSL,LF,BALL EATER,Qtipz,SSA-P-10222,5,2025 Season Database - 2025 Birmingham Major.csv
7806b535b5ab0b9e2525a204a4509274,20250228-201212-2025-Birmingham Major-Open 3-GSL-LF-G2,2,2025,Birmingham Major,Open 3,GSL,LF,BALL EATER,Tjester,SSA-P-10229,5,2025 Season Database - 2025 Birmingham Major.csv
7806b535b5ab0b9e2525a204a4509274,20250228-201212-2025-Birmingham Major-Open 3-GSL-LF-G2,2,2025,Birmingham Major,Open 3,GSL,LF,LIMITLESS,2Die4,SSA-P-10001,5,2025 Season Database - 2025 Birmingham Major.csv
7806b535b5ab0b9e2525a204a4509274,20250228-201212-2025-Birmingham Major-Open 3-GSL-LF-G2,2,2025,Birmingham Major,Open 3,GSL,LF,LIMITLESS,Snowyy,SSA-P-10054,5,2025 Season Database - 2025 Birmingham Major.csv
7806b535b5ab0b9e2525a204a4509274,20250228-201212-2025-Birmingham Major-Open 3-GSL-LF-G2,2,2025,Birmingham Major,Open 3,GSL,LF,LIMITLESS,Sweaty,SSA-P-10056,5,2025 Season Database - 2025 Birmingham Major.csv
93f01071af30aad586978e807c665340,20220225-190800-2021-22-Winter-Regional Event 3-Groups-3-G1,1,2021-22,Winter,Regional Event 3,Groups,3,SUZAKU,Crsp,SSA-P-10011,5,2021-22 Season Database - 2021-22 Season (1).csv
93f01071af30aad586978e807c665340,20220225-190800-2021-22-Winter-Regional Event 3-Groups-3-G1,1,2021-22,Winter,Regional Event 3,Groups,3,SUZAKU,icp Serenity,SSA-P-10077,5,2021-22 Season Database - 2021-22 Season (1).csv
93f01071af30aad586978e807c665340,20220225-190800-2021-22-Winter-Regional Event 3-Groups-3-G1,1,2021-22,Winter,Regional Event 3,Groups,3,SUZAKU,TheKeychain22,SSA-P-10058,5,2021-22 Season Database - 2021-22 Season (1).csv
93f01071af30aad586978e807c665340,20220225-190800-2021-22-Winter-Regional Event 3-Groups-3-G1,1,2021-22,Winter,Regional Event 3,Groups,3,TEAM ESPIONAGE,Meliodas,SSA-P-10026,5,2021-22 Season Database - 2021-22 Season (1).csv
93f01071af30aad586978e807c665340,20220225-190800-2021-22-Winter-Regional Event 3-Groups-3-G1,1,2021-22,Winter,Regional Event 3,Groups,3,TEAM ESPIONAGE,Paarthurnax.,SSA-P-10101,5,2021-22 Season Database - 2021-22 Season (1).csv
93f01071af30aad586978e807c665340,20220225-190800-2021-22-Winter-Regional Event 3-Groups-3-G1,1,2021-22,Winter,Regional Event 3,Groups,3,TEAM ESPIONAGE,Septer,SSA-P-10050,5,2021-22 Season Database - 2021-22 Season (1).csv
93f01071af30aad586978e807c665340,20220225-191541-2021-22-Winter-Regional Event 3-Groups-3-G2,2,2021-22,Winter,Regional Event 3,Groups,3,SUZAKU,Crsp,SSA-P-10011,5,2021-22 Season Database - 2021-22 Season (1).csv
93f01071af30aad586978e807c665340,20220225-191541-2021-22-Winter-Regional Event 3-Groups-3-G2,2,2021-22,Winter,Regional Event 3,Groups,3,SUZAKU,icp Serenity,SSA-P-10077,5,2021-22 Season Database - 2021-22 Season (1).csv
93f01071af30aad586978e807c665340,20220225-191541-2021-22-Winter-Regional Event 3-Groups-3-G2,2,2021-22,Winter,Regional Event 3,Groups,3,SUZAKU,TheKeychain22,SSA-P-10058,5,2021-22 Season Database - 2021-22 Season (1).csv
93f01071af30aad586978e807c665340,20220225-191541-2021-22-Winter-Regional Event 3-Groups-3-G2,2,2021-22,Winter,Regional Event 3,Groups,3,TEAM ESPIONAGE,Meliodas,SSA-P-10026,5,2021-22 Season Database - 2021-22 Season (1).csv
93f01071af30aad586978e807c665340,20220225-191541-2021-22-Winter-Regional Event 3-Groups-3-G2,2,2021-22,Winter,Regional Event 3,Groups,3,TEAM ESPIONAGE,Paarthurnax.,SSA-P-10101,5,2021-22 Season Database - 2021-22 Season (1).csv
93f01071af30aad586978e807c665340,20220225-191541-2021-22-Winter-Regional Event 3-Groups-3-G2,2,2021-22,Winter,Regional Event 3,Groups,3,TEAM ESPIONAGE,Septer,SSA-P-10050,5,2021-22 Season Database - 2021-22 Season (1).csv
9bf1a06833626ea2055ecdada62cf45f,20230210-170732-2022-23-Winter-Cup-Groups-1-G1,1,2022-23,Winter,Cup,Groups,1,ORLANDO PIRATES,EliakimZA,SSA-P-10019,5,2022-23 Season Database - 22-23 Season.csv
9bf1a06833626ea2055ecdada62cf45f,20230210-170732-2022-23-Winter-Cup-Groups-1-G1,1,2022-23,Winter,Cup,Groups,1,ORLANDO PIRATES,Happymeal,SSA-P-10025,5,2022-23 Season Database - 22-23 Season.csv
9bf1a06833626ea2055ecdada62cf45f,20230210-170732-2022-23-Winter-Cup-Groups-1-G1,1,2022-23,Winter,Cup,Groups,1,ORLANDO PIRATES,kamz,SSA-P-10031,5,2022-23 Season Database - 22-23 Season.csv
9bf1a06833626ea2055ecdada62cf45f,20230210-170732-2022-23-Winter-Cup-Groups-1-G1,1,2022-23,Winter,Cup,Groups,1,UNITY,Blade,SSA-P-10006,5,2022-23 Season Database - 22-23 Season.csv
9bf1a06833626ea2055ecdada62cf45f,20230210-170732-2022-23-Winter-Cup-Groups-1-G1,1,2022-23,Winter,Cup,Groups,1,UNITY,TechnicEagle75,SSA-P-10057,5,2022-23 Season Database - 22-23 Season.csv
9bf1a06833626ea2055ecdada62cf45f,20230210-170732-2022-23-Winter-Cup-Groups-1-G1,1,2022-23,Winter,Cup,Groups,1,UNITY,YoPeGo!,SSA-P-10064,5,2022-23 Season Database - 22-23 Season.csv
9bf1a06833626ea2055ecdada62cf45f,20230210-172158-2022-23-Winter-Cup-Groups-1-G2,2,2022-23,Winter,Cup,Groups,1,ORLANDO PIRATES,EliakimZA,SSA-P-10019,5,2022-23 Season Database - 22-23 Season.csv
9bf1a06833626ea2055ecdada62cf45f,20230210-172158-2022-23-Winter-Cup-Groups-1-G2,2,2022-23,Winter,Cup,Groups,1,ORLANDO PIRATES,Happymeal,SSA-P-10025,5,2022-23 Season Database - 22-23 Season.csv
9bf1a06833626ea2055ecdada62cf45f,20230210-172158-2022-23-Winter-Cup-Groups-1-G2,2,2022-23,Winter,Cup,Groups,1,ORLANDO PIRATES,kamz,SSA-P-10031,5,2022-23 Season Database - 22-23 Season.csv
9bf1a06833626ea2055ecdada62cf45f,20230210-172158-2022-23-Winter-Cup-Groups-1-G2,2,2022-23,Winter,Cup,Groups,1,UNITY,Blade,SSA-P-10006,5,2022-23 Season Database - 22-23 Season.csv
9bf1a06833626ea2055ecdada62cf45f,20230210-172158-2022-23-Winter-Cup-Groups-1-G2,2,2022-23,Winter,Cup,Groups,1,UNITY,TechnicEagle75,SSA-P-10057,5,2022-23 Season Database - 22-23 Season.csv
9bf1a06833626ea2055ecdada62cf45f,20230210-172158-2022-23-Winter-Cup-Groups-1-G2,2,2022-23,Winter,Cup,Groups,1,UNITY,YoPeGo!,SSA-P-10064,5,2022-23 Season Database - 22-23 Season.csv
a54c5af15e7b90271d84f936fae93de1,20220206-165023-2021-22-Winter-Regional Event 2-Playoffs-LSF-G1,1,2021-22,Winter,Regional Event 2,Playoffs,LSF,BRAVADO GAMING,2Die4,SSA-P-10001,7,2021-22 Season Database - 2021-22 Season (1).csv
a54c5af15e7b90271d84f936fae93de1,20220206-165023-2021-22-Winter-Regional Event 2-Playoffs-LSF-G1,1,2021-22,Winter,Regional Event 2,Playoffs,LSF,BRAVADO GAMING,daisyy,SSA-P-10031,7,2021-22 Season Database - 2021-22 Season (1).csv
a54c5af15e7b90271d84f936fae93de1,20220206-165023-2021-22-Winter-Regional Event 2-Playoffs-LSF-G1,1,2021-22,Winter,Regional Event 2,Playoffs,LSF,BRAVADO GAMING,Happymeal,SSA-P-10025,7,2021-22 Season Database - 2021-22 Season (1).csv
a54c5af15e7b90271d84f936fae93de1,20220206-165023-2021-22-Winter-Regional Event 2-Playoffs-LSF-G1,1,2021-22,Winter,Regional Event 2,Playoffs,LSF,ROYALTY ESPORTS,Auriginal,SSA-P-10003,7,2021-22 Season Database - 2021-22 Season (1).csv
a54c5af15e7b90271d84f936fae93de1,20220206-165023-2021-22-Winter-Regional Event 2-Playoffs-LSF-G1,1,2021-22,Winter,Regional Event 2,Playoffs,LSF,ROYALTY ESPORTS,EliakimZA,SSA-P-10019,7,2021-22 Season Database - 2021-22 Season (1).csv
a54c5af15e7b90271d84f936fae93de1,20220206-165023-2021-22-Winter-Regional Event 2-Playoffs-LSF-G1,1,2021-22,Winter,Regional Event 2,Playoffs,LSF,ROYALTY ESPORTS,Zero,SSA-P-10066,7,2021-22 Season Database - 2021-22 Season (1).csv
a54c5af15e7b90271d84f936fae93de1,20220206-181716-2021-22-Winter-Regional Event 2-Playoffs-LSF-G1,1,2021-22,Winter,Regional Event 2,Playoffs,LSF,BRAVADO GAMING,2Die4,SSA-P-10001,7,2021-22 Season Database - 2021-22 Season (1).csv
a54c5af15e7b90271d84f936fae93de1,20220206-181716-2021-22-Winter-Regional Event 2-Playoffs-LSF-G1,1,2021-22,Winter,Regional Event 2,Playoffs,LSF,BRAVADO GAMING,daisyy,SSA-P-10031,7,2021-22 Season Database - 2021-22 Season (1).csv
a54c5af15e7b90271d84f936fae93de1,20220206-181716-2021-22-Winter-Regional Event 2-Playoffs-LSF-G1,1,2021-22,Winter,Regional Event 2,Playoffs,LSF,BRAVADO GAMING,Happymeal,SSA-P-10025,7,2021-22 Season Database - 2021-22 Season (1).csv
a54c5af15e7b90271d84f936fae93de1,20220206-181716-2021-22-Winter-Regional Event 2-Playoffs-LSF-G1,1,2021-22,Winter,Regional Event 2,Playoffs,LSF,ROYALTY ESPORTS,EliakimZA,SSA-P-10019,7,2021-22 Season Database - 2021-22 Season (1).csv
a54c5af15e7b90271d84f936fae93de1,20220206-181716-2021-22-Winter-Regional Event 2-Playoffs-LSF-G1,1,2021-22,Winter,Regional Event 2,Playoffs,LSF,ROYALTY ESPORTS,Yujn.,SSA-P-10065,7,2021-22 Season Database - 2021-22 Season (1).csv
a54c5af15e7b90271d84f936fae93de1,20220206-181716-2021-22-Winter-Regional Event 2-Playoffs-LSF-G1,1,2021-22,Winter,Regional Event 2,Playoffs,LSF,ROYALTY ESPORTS,Zero,SSA-P-10066,7,2021-22 Season Database - 2021-22 Season (1).csv
a54c5af15e7b90271d84f936fae93de1,20220206-182554-2021-22-Winter-Regional Event 2-Playoffs-LSF-G2,2,2021-22,Winter,Regional Event 2,Playoffs,LSF,BRAVADO GAMING,2Die4,SSA-P-10001,7,2021-22 Season Database - 2021-22 Season (1).csv
a54c5af15e7b90271d84f936fae93de1,20220206-182554-2021-22-Winter-Regional Event 2-Playoffs-LSF-G2,2,2021-22,Winter,Regional Event 2,Playoffs,LSF,BRAVADO GAMING,daisyy,SSA-P-10031,7,2021-22 Season Database - 2021-22 Season (1).csv
a54c5af15e7b90271d84f936fae93de1,20220206-182554-2021-22-Winter-Regional Event 2-Playoffs-LSF-G2,2,2021-22,Winter,Regional Event 2,Playoffs,LSF,BRAVADO GAMING,Happymeal,SSA-P-10025,7,2021-22 Season Database - 2021-22 Season (1).csv
a54c5af15e7b90271d84f936fae93de1,20220206-182554-2021-22-Winter-Regional Event 2-Playoffs-LSF-G2,2,2021-22,Winter,Regional Event 2,Playoffs,LSF,ROYALTY ESPORTS,EliakimZA,SSA-P-10019,7,2021-22 Season Database - 2021-22 Season (1).csv
a54c5af15e7b90271d84f936fae93de1,20220206-182554-2021-22-Winter-Regional Event 2-Playoffs-LSF-G2,2,2021-22,Winter,Regional Event 2,Playoffs,LSF,ROYALTY ESPORTS,Yujn.,SSA-P-10065,7,2021-22 Season Database - 2021-22 Season (1).csv
a54c5af15e7b90271d84f936fae93de1,20220206-182554-2021-22-Winter-Regional Event 2-Playoffs-LSF-G2,2,2021-22,Winter,Regional Event 2,Playoffs,LSF,ROYALTY ESPORTS,Zero,SSA-P-10066,7,2021-22 Season Database - 2021-22 Season (1).csv
a54c5af15e7b90271d84f936fae93de1,20220206-183913-2021-22-Winter-Regional Event 2-Playoffs-LSF-G3,3,2021-22,Winter,Regional Event 2,Playoffs,LSF,BRAVADO GAMING,2Die4,SSA-P-10001,7,2021-22 Season Database - 2021-22 Season (1).csv
a54c5af15e7b90271d84f936fae93de1,20220206-183913-2021-22-Winter-Regional Event 2-Playoffs-LSF-G3,3,2021-22,Winter,Regional Event 2,Playoffs,LSF,BRAVADO GAMING,daisyy,SSA-P-10031,7,2021-22 Season Database - 2021-22 Season (1).csv
a54c5af15e7b90271d84f936fae93de1,20220206-183913-2021-22-Winter-Regional Event 2-Playoffs-LSF-G3,3,2021-22,Winter,Regional Event 2,Playoffs,LSF,BRAVADO GAMING,Happymeal,SSA-P-10025,7,2021-22 Season Database - 2021-22 Season (1).csv
a54c5af15e7b90271d84f936fae93de1,20220206-183913-2021-22-Winter-Regional Event 2-Playoffs-LSF-G3,3,2021-22,Winter,Regional Event 2,Playoffs,LSF,ROYALTY ESPORTS,EliakimZA,SSA-P-10019,7,2021-22 Season Database - 2021-22 Season (1).csv
a54c5af15e7b90271d84f936fae93de1,20220206-183913-2021-22-Winter-Regional Event 2-Playoffs-LSF-G3,3,2021-22,Winter,Regional Event 2,Playoffs,LSF,ROYALTY ESPORTS,Yujn.,SSA-P-10065,7,2021-22 Season Database - 2021-22 Season (1).csv
a54c5af15e7b90271d84f936fae93de1,20220206-183913-2021-22-Winter-Regional Event 2-Playoffs-LSF-G3,3,2021-22,Winter,Regional Event 2,Playoffs,LSF,ROYALTY ESPORTS,Zero,SSA-P-10066,7,2021-22 Season Database - 2021-22 Season (1).csv
a7429661deac1f2e9fe47ebc2478e977,20230210-170905-2022-23-Winter-Cup-Groups-1-G1,1,2022-23,Winter,Cup,Groups,1,AIPX GAMING,Auriginal,SSA-P-10003,5,2022-23 Season Database - 22-23 Season.csv
a7429661deac1f2e9fe47ebc2478e977,20230210-170905-2022-23-Winter-Cup-Groups-1-G1,1,2022-23,Winter,Cup,Groups,1,AIPX GAMING,lackstar.,SSA-P-10034,5,2022-23 Season Database - 22-23 Season.csv
a7429661deac1f2e9fe47ebc2478e977,20230210-170905-2022-23-Winter-Cup-Groups-1-G1,1,2022-23,Winter,Cup,Groups,1,AIPX GAMING,Shadow,SSA-P-10128,5,2022-23 Season Database - 22-23 Season.csv
a7429661deac1f2e9fe47ebc2478e977,20230210-170905-2022-23-Winter-Cup-Groups-1-G1,1,2022-23,Winter,Cup,Groups,1,ASTRONIC ESPORTS,Nuke,SSA-P-10095,5,2022-23 Season Database - 22-23 Season.csv
a7429661deac1f2e9fe47ebc2478e977,20230210-170905-2022-23-Winter-Cup-Groups-1-G1,1,2022-23,Winter,Cup,Groups,1,ASTRONIC ESPORTS,Specs,SSA-P-10029,5,2022-23 Season Database - 22-23 Season.csv
a7429661deac1f2e9fe47ebc2478e977,20230210-170905-2022-23-Winter-Cup-Groups-1-G1,1,2022-23,Winter,Cup,Groups,1,ASTRONIC ESPORTS,strutic,SSA-P-10055,5,2022-23 Season Database - 22-23 Season.csv
a7429661deac1f2e9fe47ebc2478e977,20230210-172623-2022-23-Winter-Cup-Groups-1-G2,2,2022-23,Winter,Cup,Groups,1,AIPX GAMING,Auriginal,SSA-P-10003,5,2022-23 Season Database - 22-23 Season.csv
a7429661deac1f2e9fe47ebc2478e977,20230210-172623-2022-23-Winter-Cup-Groups-1-G2,2,2022-23,Winter,Cup,Groups,1,AIPX GAMING,lackstar.,SSA-P-10034,5,2022-23 Season Database - 22-23 Season.csv
a7429661deac1f2e9fe47ebc2478e977,20230210-172623-2022-23-Winter-Cup-Groups-1-G2,2,2022-23,Winter,Cup,Groups,1,AIPX GAMING,Shadow,SSA-P-10128,5,2022-23 Season Database - 22-23 Season.csv
a7429661deac1f2e9fe47ebc2478e977,20230210-172623-2022-23-Winter-Cup-Groups-1-G2,2,2022-23,Winter,Cup,Groups,1,ASTRONIC ESPORTS,Nuke,SSA-P-10095,5,2022-23 Season Database - 22-23 Season.csv
a7429661deac1f2e9fe47ebc2478e977,20230210-172623-2022-23-Winter-Cup-Groups-1-G2,2,2022-23,Winter,Cup,Groups,1,ASTRONIC ESPORTS,Specs,SSA-P-10029,5,2022-23 Season Database - 22-23 Season.csv
a7429661deac1f2e9fe47ebc2478e977,20230210-172623-2022-23-Winter-Cup-Groups-1-G2,2,2022-23,Winter,Cup,Groups,1,ASTRONIC ESPORTS,strutic,SSA-P-10055,5,2022-23 Season Database - 22-23 Season.csv
b62444ebecc30789d841ca77307c7001,20230224-184635-2022-23-Winter-Invitational-Groups-3-G1,1,2022-23,Winter,Invitational,Groups,3,ORLANDO PIRATES,EliakimZA,SSA-P-10019,5,2022-23 Season Database - 22-23 Season.csv
b62444ebecc30789d841ca77307c7001,20230224-184635-2022-23-Winter-Invitational-Groups-3-G1,1,2022-23,Winter,Invitational,Groups,3,ORLANDO PIRATES,Happymeal,SSA-P-10025,5,2022-23 Season Database - 22-23 Season.csv
b62444ebecc30789d841ca77307c7001,20230224-184635-2022-23-Winter-Invitational-Groups-3-G1,1,2022-23,Winter,Invitational,Groups,3,ORLANDO PIRATES,kamz,SSA-P-10031,5,2022-23 Season Database - 22-23 Season.csv
b62444ebecc30789d841ca77307c7001,20230224-184635-2022-23-Winter-Invitational-Groups-3-G1,1,2022-23,Winter,Invitational,Groups,3,RED CROWN ESPORTS,"Dapz (broken controller), Dapz",SSA-P-10076,5,2022-23 Season Database - 22-23 Season.csv
b62444ebecc30789d841ca77307c7001,20230224-184635-2022-23-Winter-Invitational-Groups-3-G1,1,2022-23,Winter,Invitational,Groups,3,RED CROWN ESPORTS,Dcln.���,SSA-P-10087,5,2022-23 Season Database - 22-23 Season.csv
b62444ebecc30789d841ca77307c7001,20230224-184635-2022-23-Winter-Invitational-Groups-3-G1,1,2022-23,Winter,Invitational,Groups,3,RED CROWN ESPORTS,Trstxnz,SSA-P-10072,5,2022-23 Season Database - 22-23 Season.csv
b62444ebecc30789d841ca77307c7001,20230224-185426-2022-23-Winter-Invitational-Groups-3-G2,2,2022-23,Winter,Invitational,Groups,3,ORLANDO PIRATES,EliakimZA,SSA-P-10019,5,2022-23 Season Database - 22-23 Season.csv
b62444ebecc30789d841ca77307c7001,20230224-185426-2022-23-Winter-Invitational-Groups-3-G2,2,2022-23,Winter,Invitational,Groups,3,ORLANDO PIRATES,Happymeal,SSA-P-10025,5,2022-23 Season Database - 22-23 Season.csv
b62444ebecc30789d841ca77307c7001,20230224-185426-2022-23-Winter-Invitational-Groups-3-G2,2,2022-23,Winter,Invitational,Groups,3,ORLANDO PIRATES,kamz,SSA-P-10031,5,2022-23 Season Database - 22-23 Season.csv
b62444ebecc30789d841ca77307c7001,20230224-185426-2022-23-Winter-Invitational-Groups-3-G2,2,2022-23,Winter,Invitational,Groups,3,RED CROWN ESPORTS,"Dapz (broken controller), Dapz",SSA-P-10076,5,2022-23 Season Database - 22-23 Season.csv
b62444ebecc30789d841ca77307c7001,20230224-185426-2022-23-Winter-Invitational-Groups-3-G2,2,2022-23,Winter,Invitational,Groups,3,RED CROWN ESPORTS,Dcln.���,SSA-P-10087,5,2022-23 Season Database - 22-23 Season.csv
b62444ebecc30789d841ca77307c7001,20230224-185426-2022-23-Winter-Invitational-Groups-3-G2,2,2022-23,Winter,Invitational,Groups,3,RED CROWN ESPORTS,Trstxnz,SSA-P-10072,5,2022-23 Season Database - 22-23 Season.csv
cdb785a6f62596893e1f736dd8c718f4,20250509-171239-2025-Raleigh Major -Open 5-GSL-UQF-G1,1,2025,Raleigh Major,Open 5,GSL,UQF,COSMICO ESPORTS,Kam,SSA-P-10031,5,2025 Season Database - 2025 Birmingham Major.csv
cdb785a6f62596893e1f736dd8c718f4,20250509-171239-2025-Raleigh Major -Open 5-GSL-UQF-G1,1,2025,Raleigh Major,Open 5,GSL,UQF,COSMICO ESPORTS,Werty ^^,SSA-P-10061,5,2025 Season Database - 2025 Birmingham Major.csv
cdb785a6f62596893e1f736dd8c718f4,20250509-171239-2025-Raleigh Major -Open 5-GSL-UQF-G1,1,2025,Raleigh Major,Open 5,GSL,UQF,COSMICO ESPORTS,Wiiilooo,SSA-P-10069,5,2025 Season Database - 2025 Birmingham Major.csv
cdb785a6f62596893e1f736dd8c718f4,20250509-171239-2025-Raleigh Major -Open 5-GSL-UQF-G1,1,2025,Raleigh Major,Open 5,GSL,UQF,WE LOVE FARMING,Kejay,SSA-P-10242,5,2025 Season Database - 2025 Birmingham Major.csv
cdb785a6f62596893e1f736dd8c718f4,20250509-171239-2025-Raleigh Major -Open 5-GSL-UQF-G1,1,2025,Raleigh Major,Open 5,GSL,UQF,WE LOVE FARMING,muss,SSA-P-10247,5,2025 Season Database - 2025 Birmingham Major.csv
cdb785a6f62596893e1f736dd8c718f4,20250509-171239-2025-Raleigh Major -Open 5-GSL-UQF-G1,1,2025,Raleigh Major,Open 5,GSL,UQF,WE LOVE FARMING,wylew,SSA-P-10178,5,2025 Season Database - 2025 Birmingham Major.csv
cdb785a6f62596893e1f736dd8c718f4,20250509-171926-2025-Raleigh Major -Open 5-GSL-UQF-G2,2,2025,Raleigh Major,Open 5,GSL,UQF,COSMICO ESPORTS,Kam,SSA-P-10031,5,2025 Season Database - 2025 Birmingham Major.csv
cdb785a6f62596893e1f736dd8c718f4,20250509-171926-2025-Raleigh Major -Open 5-GSL-UQF-G2,2,2025,Raleigh Major,Open 5,GSL,UQF,COSMICO ESPORTS,Werty ^^,SSA-P-10061,5,2025 Season Database - 2025 Birmingham Major.csv
cdb785a6f62596893e1f736dd8c718f4,20250509-171926-2025-Raleigh Major -Open 5-GSL-UQF-G2,2,2025,Raleigh Major,Open 5,GSL,UQF,COSMICO ESPORTS,Wiiilooo,SSA-P-10069,5,2025 Season Database - 2025 Birmingham Major.csv
cdb785a6f62596893e1f736dd8c718f4,20250509-171926-2025-Raleigh Major -Open 5-GSL-UQF-G2,2,2025,Raleigh Major,Open 5,GSL,UQF,WE LOVE FARMING,Kejay,SSA-P-10242,5,2025 Season Database - 2025 Birmingham Major.csv
cdb785a6f62596893e1f736dd8c718f4,20250509-171926-2025-Raleigh Major -Open 5-GSL-UQF-G2,2,2025,Raleigh Major,Open 5,GSL,UQF,WE LOVE FARMING,muss,SSA-P-10247,5,2025 Season Database - 2025 Birmingham Major.csv
cdb785a6f62596893e1f736dd8c718f4,20250509-171926-2025-Raleigh Major -Open 5-GSL-UQF-G2,2,2025,Raleigh Major,Open 5,GSL,UQF,WE LOVE FARMING,wylew,SSA-P-10178,5,2025 Season Database - 2025 Birmingham Major.csv
d61c53b795d346e955e637233329d802,20230609-185336-2022-23-Spring-Invitational-Double Elim-LR1-G1,1,2022-23,Spring,Invitational,Double Elim,LR1,ICE ESPORTS,Bread,SSA-P-10008,5,2022-23 Season Database - 22-23 Season.csv
d61c53b795d346e955e637233329d802,20230609-185336-2022-23-Spring-Invitational-Double Elim-LR1-G1,1,2022-23,Spring,Invitational,Double Elim,LR1,ICE ESPORTS,h4mburger,SSA-P-10024,5,2022-23 Season Database - 22-23 Season.csv
d61c53b795d346e955e637233329d802,20230609-185336-2022-23-Spring-Invitational-Double Elim-LR1-G1,1,2022-23,Spring,Invitational,Double Elim,LR1,ICE ESPORTS,L������,SSA-P-10140,5,2022-23 Season Database - 22-23 Season.csv
d61c53b795d346e955e637233329d802,20230609-185336-2022-23-Spring-Invitational-Double Elim-LR1-G1,1,2022-23,Spring,Invitational,Double Elim,LR1,RED CROWN ESPORTS,boy974s,SSA-P-10068,5,2022-23 Season Database - 22-23 Season.csv
d61c53b795d346e955e637233329d802,20230609-185336-2022-23-Spring-Invitational-Double Elim-LR1-G1,1,2022-23,Spring,Invitational,Double Elim,LR1,RED CROWN ESPORTS,"Dapz, Dapz.",SSA-P-10076,5,2022-23 Season Database - 22-23 Season.csv
d61c53b795d346e955e637233329d802,20230609-185336-2022-23-Spring-Invitational-Double Elim-LR1-G1,1,2022-23,Spring,Invitational,Double Elim,LR1,RED CROWN ESPORTS,Trstxnz,SSA-P-10072,5,2022-23 Season Database - 22-23 Season.csv
dd43261d7829c20a2646214d003c3258,20220206-150755-2021-22-Winter-Regional Event 2-Playoffs-UF-G1,1,2021-22,Winter,Regional Event 2,Playoffs,UF,ATK,arceon. ☆,SSA-P-10002,7,2021-22 Season Database - 2021-22 Season (1).csv
dd43261d7829c20a2646214d003c3258,20220206-150755-2021-22-Winter-Regional Event 2-Playoffs-UF-G1,1,2021-22,Winter,Regional Event 2,Playoffs,UF,ATK,SchalkG,SSA-P-10049,7,2021-22 Season Database - 2021-22 Season (1).csv
dd43261d7829c20a2646214d003c3258,20220206-150755-2021-22-Winter-Regional Event 2-Playoffs-UF-G1,1,2021-22,Winter,Regional Event 2,Playoffs,UF,ATK,Werty ^^,SSA-P-10061,7,2021-22 Season Database - 2021-22 Season (1).csv
dd43261d7829c20a2646214d003c3258,20220206-150755-2021-22-Winter-Regional Event 2-Playoffs-UF-G1,1,2021-22,Winter,Regional Event 2,Playoffs,UF,ORLANDO PIRATES,Darth.,SSA-P-10015,7,2021-22 Season Database - 2021-22 Season (1).csv
dd43261d7829c20a2646214d003c3258,20220206-150755-2021-22-Winter-Regional Event 2-Playoffs-UF-G1,1,2021-22,Winter,Regional Event 2,Playoffs,UF,ORLANDO PIRATES,SkillSteal,SSA-P-10053,7,2021-22 Season Database - 2021-22 Season (1).csv
dd43261d7829c20a2646214d003c3258,20220206-150755-2021-22-Winter-Regional Event 2-Playoffs-UF-G1,1,2021-22,Winter,Regional Event 2,Playoffs,UF,ORLANDO PIRATES,Snowyy,SSA-P-10054,7,2021-22 Season Database - 2021-22 Season (1).csv
e4eb363a8707553013bbc4647b2ef885,20230225-170838-2022-23-Winter-Invitational-Playoffs-QF-G1,1,2022-23,Winter,Invitational,Playoffs,QF,NIXUH,arceonxnz,SSA-P-10002,7,2022-23 Season Database - 22-23 Season.csv
e4eb363a8707553013bbc4647b2ef885,20230225-170838-2022-23-Winter-Invitational-Playoffs-QF-G1,1,2022-23,Winter,Invitational,Playoffs,QF,NIXUH,"Lowkaku, Mr.Low",SSA-P-10039,7,2022-23 Season Database - 22-23 Season.csv
e4eb363a8707553013bbc4647b2ef885,20230225-170838-2022-23-Winter-Invitational-Playoffs-QF-G1,1,2022-23,Winter,Invitational,Playoffs,QF,NIXUH,SkillSteal,SSA-P-10053,7,2022-23 Season Database - 22-23 Season.csv
e4eb363a8707553013bbc4647b2ef885,20230225-170838-2022-23-Winter-Invitational-Playoffs-QF-G1,1,2022-23,Winter,Invitational,Playoffs,QF,WHITE RABBIT GAMING,ckeno,SSA-P-10070,7,2022-23 Season Database - 22-23 Season.csv
e4eb363a8707553013bbc4647b2ef885,20230225-170838-2022-23-Winter-Invitational-Playoffs-QF-G1,1,2022-23,Winter,Invitational,Playoffs,QF,WHITE RABBIT GAMING,Friction,SSA-P-10022,7,2022-23 Season Database - 22-23 Season.csv
e4eb363a8707553013bbc4647b2ef885,20230225-170838-2022-23-Winter-Invitational-Playoffs-QF-G1,1,2022-23,Winter,Invitational,Playoffs,QF,WHITE RABBIT GAMING,Wee_Casper,SSA-P-10060,7,2022-23 Season Database - 22-23 Season.csv
f05c413128aae181cbc39cc82f44386a,20211112-190636-2021-22-Fall-Regional Event 2-Swiss-3-G1,1,2021-22,Fall,Regional Event 2,Swiss,3,ATOMIC ESPORTS,echo.,SSA-P-10017,5,2021-22 Season Database - 2021-22 Season (1).csv
f05c413128aae181cbc39cc82f44386a,20211112-190636-2021-22-Fall-Regional Event 2-Swiss-3-G1,1,2021-22,Fall,Regional Event 2,Swiss,3,ATOMIC ESPORTS,Wee_Casper,SSA-P-10060,5,2021-22 Season Database - 2021-22 Season (1).csv
f05c413128aae181cbc39cc82f44386a,20211112-190636-2021-22-Fall-Regional Event 2-Swiss-3-G1,1,2021-22,Fall,Regional Event 2,Swiss,3,ATOMIC ESPORTS,YoPeGo!,SSA-P-10064,5,2021-22 Season Database - 2021-22 Season (1).csv
f05c413128aae181cbc39cc82f44386a,20211112-190636-2021-22-Fall-Regional Event 2-Swiss-3-G1,1,2021-22,Fall,Regional Event 2,Swiss,3,OUT OF RETIREMENT,li0n_za,SSA-P-10035,5,2021-22 Season Database - 2021-22 Season (1).csv
f05c413128aae181cbc39cc82f44386a,20211112-190636-2021-22-Fall-Regional Event 2-Swiss-3-G1,1,2021-22,Fall,Regional Event 2,Swiss,3,OUT OF RETIREMENT,Mr.Low,SSA-P-10039,5,2021-22 Season Database - 2021-22 Season (1).csv
f05c413128aae181cbc39cc82f44386a,20211112-190636-2021-22-Fall-Regional Event 2-Swiss-3-G1,1,2021-22,Fall,Regional Event 2,Swiss,3,OUT OF RETIREMENT,PwnFlakes,SSA-P-10044,5,2021-22 Season Database - 2021-22 Season (1).csv
f05c413128aae181cbc39cc82f44386a,20211112-191525-2021-22-Fall-Regional Event 2-Swiss-3-G2,2,2021-22,Fall,Regional Event 2,Swiss,3,ATOMIC ESPORTS,echo.,SSA-P-10017,5,2021-22 Season Database - 2021-22 Season (1).csv
f05c413128aae181cbc39cc82f44386a,20211112-191525-2021-22-Fall-Regional Event 2-Swiss-3-G2,2,2021-22,Fall,Regional Event 2,Swiss,3,ATOMIC ESPORTS,Wee_Casper,SSA-P-10060,5,2021-22 Season Database - 2021-22 Season (1).csv
f05c413128aae181cbc39cc82f44386a,20211112-191525-2021-22-Fall-Regional Event 2-Swiss-3-G2,2,2021-22,Fall,Regional Event 2,Swiss,3,ATOMIC ESPORTS,YoPeGo!,SSA-P-10064,5,2021-22 Season Database - 2021-22 Season (1).csv
f05c413128aae181cbc39cc82f44386a,20211112-191525-2021-22-Fall-Regional Event 2-Swiss-3-G2,2,2021-22,Fall,Regional Event 2,Swiss,3,OUT OF RETIREMENT,li0n_za,SSA-P-10035,5,2021-22 Season Database - 2021-22 Season (1).csv
f05c413128aae181cbc39cc82f44386a,20211112-191525-2021-22-Fall-Regional Event 2-Swiss-3-G2,2,2021-22,Fall,Regional Event 2,Swiss,3,OUT OF RETIREMENT,Mr.Low,SSA-P-10039,5,2021-22 Season Database - 2021-22 Season (1).csv
f05c413128aae181cbc39cc82f44386a,20211112-191525-2021-22-Fall-Regional Event 2-Swiss-3-G2,2,2021-22,Fall,Regional Event 2,Swiss,3,OUT OF RETIREMENT,PwnFlakes,SSA-P-10044,5,2021-22 Season Database - 2021-22 Season (1).csv
fc550c08025962e5910328450c36d4c4,20250117-155511-2025-Birmingham Major-Open 1-GSL-UQF-G1,1,2025,Birmingham Major,Open 1,GSL,UQF,CHOCCARANILLA,N1TR��.,SSA-P-10124,5,2025 Season Database - 2025 Birmingham Major.csv
fc550c08025962e5910328450c36d4c4,20250117-155511-2025-Birmingham Major-Open 1-GSL-UQF-G1,1,2025,Birmingham Major,Open 1,GSL,UQF,CHOCCARANILLA,Tristiano Swartznaldo,SSA-P-10072,5,2025 Season Database - 2025 Birmingham Major.csv
fc550c08025962e5910328450c36d4c4,20250117-155511-2025-Birmingham Major-Open 1-GSL-UQF-G1,1,2025,Birmingham Major,Open 1,GSL,UQF,CHOCCARANILLA,xyro,SSA-P-10122,5,2025 Season Database - 2025 Birmingham Major.csv
fc550c08025962e5910328450c36d4c4,20250117-155511-2025-Birmingham Major-Open 1-GSL-UQF-G1,1,2025,Birmingham Major,Open 1,GSL,UQF,DECIMATE GAMING,staar,SSA-P-10227,5,2025 Season Database - 2025 Birmingham Major.csv
fc550c08025962e5910328450c36d4c4,20250117-155511-2025-Birmingham Major-Open 1-GSL-UQF-G1,1,2025,Birmingham Major,Open 1,GSL,UQF,DECIMATE GAMING,Wiiilooo,SSA-P-10069,5,2025 Season Database - 2025 Birmingham Major.csv
fc550c08025962e5910328450c36d4c4,20250117-155511-2025-Birmingham Major-Open 1-GSL-UQF-G1,1,2025,Birmingham Major,Open 1,GSL,UQF,DECIMATE GAMING,Zany,SSA-P-10164,5,2025 Season Database - 2025 Birmingham Major.csv
fc550c08025962e5910328450c36d4c4,20250117-160218-2025-Birmingham Major-Open 1-GSL-UQF-G2,2,2025,Birmingham Major,Open 1,GSL,UQF,CHOCCARANILLA,N1TR��.,SSA-P-10124,5,2025 Season Database - 2025 Birmingham Major.csv
fc550c08025962e5910328450c36d4c4,20250117-160218-2025-Birmingham Major-Open 1-GSL-UQF-G2,2,2025,Birmingham Major,Open 1,GSL,UQF,CHOCCARANILLA,Tristiano Swartznaldo,SSA-P-10072,5,2025 Season Database - 2025 Birmingham Major.csv
fc550c08025962e5910328450c36d4c4,20250117-160218-2025-Birmingham Major-Open 1-GSL-UQF-G2,2,2025,Birmingham Major,Open 1,GSL,UQF,CHOCCARANILLA,xyro,SSA-P-10122,5,2025 Season Database - 2025 Birmingham Major.csv
fc550c08025962e5910328450c36d4c4,20250117-160218-2025-Birmingham Major-Open 1-GSL-UQF-G2,2,2025,Birmingham Major,Open 1,GSL,UQF,DECIMATE GAMING,staar,SSA-P-10227,5,2025 Season Database - 2025 Birmingham Major.csv
fc550c08025962e5910328450c36d4c4,20250117-160218-2025-Birmingham Major-Open 1-GSL-UQF-G2,2,2025,Birmingham Major,Open 1,GSL,UQF,DECIMATE GAMING,Wiiilooo,SSA-P-10069,5,2025 Season Database - 2025 Birmingham Major.csv
fc550c08025962e5910328450c36d4c4,20250117-160218-2025-Birmingham Major-Open 1-GSL-UQF-G2,2,2025,Birmingham Major,Open 1,GSL,UQF,DECIMATE GAMING,Zany,SSA-P-10164,5,2025 Season Database - 2025 Birmingham Major.csv
